Source	Target
1	4867
1	4868
1	4869
1	24
1	4870
2	4871
2	4872
2	4873
2	4874
2	4875
2	4876
3	4877
3	3174
3	502
3	4878
3	4879
4	1241
4	4880
4	4881
4	2489
4	4882
5	4883
5	4884
5	916
5	4885
6	4886
6	4887
6	4888
6	4889
7	4890
7	4891
7	4892
8	4893
8	4894
8	4895
9	4896
9	4897
9	4898
10	2577
10	4899
10	4900
11	4901
11	4902
11	4903
12	4904
12	4905
12	4906
13	4907
13	4908
13	4909
14	239
14	4910
14	4911
15	4912
15	4913
15	4914
16	4915
16	4916
16	4917
17	4918
17	4919
17	176
18	4920
18	4921
18	4922
19	4923
19	3354
19	4924
20	28
20	4925
20	4926
21	4927
21	4715
21	4928
22	4929
22	4930
22	4931
23	4932
23	4933
23	4934
24	1
24	792
24	4870
25	4935
25	4936
25	4937
26	4938
26	4939
27	4940
27	4941
28	4925
28	20
29	4942
29	4943
30	4944
30	100
31	4945
31	4946
32	2796
32	4947
33	3176
33	4948
34	4949
34	4950
35	4951
35	4952
36	4953
36	4954
37	3335
37	4955
38	4956
38	4957
39	149
39	4958
40	4959
40	3296
41	197
41	4960
42	4961
42	4962
43	4963
43	4964
44	4965
44	4966
45	4967
45	4968
46	4969
46	4970
47	4971
47	387
48	4972
48	3999
49	1027
49	912
50	4973
50	4974
51	4975
51	4976
52	4977
52	4978
53	4979
53	2642
54	4980
54	4981
55	4982
55	1541
56	4983
56	4984
57	4985
57	4986
58	4987
58	4988
59	4989
60	4990
61	2966
62	4991
63	4992
64	4993
65	95
66	4994
67	4995
68	4996
69	137
70	863
71	4997
72	4998
73	3234
74	4999
75	3137
76	3853
77	3210
78	5000
79	5001
80	2970
81	5002
82	5003
83	5004
84	4299
85	1420
86	5005
87	5006
88	3911
89	5007
90	802
91	5008
92	5009
93	2773
94	5010
95	65
96	5011
97	5012
98	5013
99	5014
100	30
101	4149
102	5015
103	5016
104	5017
105	4053
106	5018
107	5019
108	5020
109	5021
110	5022
111	5023
112	518
113	5024
114	5025
115	5026
116	173
117	5027
118	5028
119	5029
120	5030
121	5031
122	5032
123	5033
124	914
125	5034
126	3878
127	5035
128	5036
129	5037
130	218
131	5038
132	5039
133	5040
134	5041
135	5042
136	4440
137	69
138	5043
139	5044
140	399
141	5045
142	5046
143	5047
144	5048
145	5049
146	5050
147	5051
148	5052
149	39
150	5053
151	5054
152	5055
153	1695
154	5056
155	5057
156	5058
157	5059
158	5060
159	5061
160	5062
161	5063
162	5064
163	1878
164	2982
165	5065
166	4775
167	3150
168	5066
169	5067
170	5068
171	172
172	171
173	116
174	5069
175	4710
176	17
177	5070
178	799
179	5071
180	4796
181	5072
181	5073
181	5074
181	5075
181	5076
181	5077
181	5078
182	3398
182	5079
182	2774
182	5080
182	5081
182	255
182	194
183	932
183	2423
183	5082
183	5083
183	5084
183	188
184	427
184	440
184	2035
184	5085
184	5086
185	5087
185	5088
185	3333
185	186
185	3322
186	5089
186	1837
186	5090
186	185
186	3322
187	5091
187	224
187	395
187	5092
187	5093
188	1980
188	5094
188	5095
188	183
188	1979
189	5096
189	5097
189	5098
189	5099
190	5100
190	1513
190	5101
190	2569
191	5102
191	5103
191	5104
191	5105
192	5106
192	5107
192	5108
192	5109
193	439
193	486
193	5110
193	5111
194	5079
194	2774
194	2344
194	182
195	5112
195	5113
195	5114
196	5115
196	5116
196	5117
197	271
197	4960
197	41
198	5118
198	4427
198	5119
199	3382
199	5120
199	5121
200	5122
200	1817
200	5123
201	5124
201	5125
201	5126
202	5127
202	5128
202	5129
203	5130
203	4988
203	5131
204	1701
204	5132
204	2725
205	5133
205	2993
205	5134
206	5135
206	5136
206	5137
207	5138
207	380
207	5139
208	5140
208	5141
208	5142
209	5143
209	5144
210	1316
210	5145
211	5146
211	3374
212	5147
212	5148
213	5149
213	5150
214	5151
214	5152
215	5153
215	5154
216	5138
216	5155
217	5156
217	5157
218	130
218	1148
219	5158
219	1938
220	2040
220	5159
221	5160
221	5161
222	5162
222	5163
223	5164
223	5165
224	5166
224	187
225	5167
225	5168
226	5169
226	2045
227	5170
227	3601
228	5171
228	5172
229	5173
229	5084
230	5174
230	3151
231	5175
231	5176
232	5177
232	5171
233	5178
233	5179
234	427
234	3550
235	1556
235	5180
236	5181
236	5182
237	5183
237	5184
238	5185
238	5186
239	14
239	4910
240	5187
240	5188
241	5189
241	5190
242	5191
242	376
243	5192
243	5193
244	5194
244	5195
245	5088
245	3333
246	5196
246	5197
247	2131
247	926
248	5064
248	5150
249	3388
249	5155
250	5198
250	1254
251	5199
251	356
252	1814
252	1813
253	1700
253	5200
254	5201
254	5202
255	347
255	182
256	4414
256	1193
257	5203
257	5204
258	5205
259	4353
260	323
261	278
262	5206
263	5207
264	345
265	268
266	3042
267	5208
268	265
269	5209
270	5210
271	197
272	5211
273	5212
274	287
275	313
276	5213
277	5214
278	261
279	4025
280	5215
281	5216
282	5217
283	5218
284	3354
285	391
286	5219
287	274
288	5220
289	3491
290	1192
291	5221
292	5222
293	3325
294	4510
295	2441
296	5223
297	334
298	5224
299	5225
300	5226
301	367
302	2610
303	5227
304	5228
305	5229
306	5230
307	3408
308	5231
309	1826
310	5232
311	5233
312	5234
313	275
314	2409
315	363
316	5235
317	3465
318	1730
319	5173
320	5236
321	5237
322	5238
323	260
324	5239
325	5240
326	3413
327	5241
328	5242
329	5243
330	3337
331	5244
332	2716
333	3424
334	297
335	1577
336	5245
337	5246
338	5247
339	1822
340	5248
341	577
342	5249
343	5250
344	5251
345	264
346	361
347	255
348	5252
349	4426
350	2189
351	1698
352	5253
353	5254
354	5255
355	5256
356	251
357	5257
358	5258
359	5259
360	5260
361	346
362	706
363	315
364	377
365	5146
366	5261
367	301
368	5262
369	5263
370	5264
371	2691
372	5265
373	5266
374	1480
375	5267
376	242
377	364
378	5268
379	964
380	207
381	5269
382	5270
383	1827
384	5271
385	679
386	5272
387	47
388	1352
389	5273
390	5274
391	285
392	694
393	3012
394	3506
395	187
396	5275
397	1946
398	5276
399	140
400	5277
401	3445
402	5090
403	5278
404	5279
405	5280
406	2344
407	3184
408	5281
409	5282
410	5283
411	5284
412	5285
413	5286
414	5287
415	5288
416	1179
417	5289
418	5290
419	5291
420	5292
421	5293
422	1902
423	4612
424	5294
425	4039
426	5295
427	432
427	5296
427	440
427	234
427	5297
427	5298
427	5299
427	184
427	908
427	5085
428	1012
428	487
428	5300
428	5301
428	5302
428	5303
428	5304
428	5305
428	519
429	5306
429	3813
429	5307
429	5308
429	5309
429	5310
429	5311
430	5312
430	5313
430	5314
430	5315
430	5316
430	5317
430	5318
431	2678
431	5319
431	5320
431	2254
431	5321
431	2059
432	5296
432	427
432	701
432	908
432	5085
432	2073
433	5322
433	5323
433	5324
433	5325
433	5326
433	5327
434	5328
434	2951
434	5329
434	5330
434	5331
434	5332
435	5333
435	5334
435	1167
435	5335
435	5336
436	5337
436	1514
436	5338
436	505
436	5339
437	5340
437	5341
437	5342
437	5343
437	5344
438	5345
438	5346
438	5347
438	5348
439	5349
439	193
439	5110
439	5111
440	427
440	184
440	5085
440	5086
441	5350
441	5351
441	5352
441	5353
442	5354
442	5355
442	5356
442	4706
443	5357
443	5358
443	5359
443	5360
444	5361
444	5362
444	5363
444	5364
445	3973
445	5365
445	5366
445	3566
446	5367
446	5368
446	5369
447	5370
447	5371
447	5372
448	5373
448	488
448	5374
449	5375
449	5376
449	5377
450	5378
450	5379
450	5380
451	4756
451	5381
451	508
452	5382
452	5383
452	5384
453	5385
453	5386
453	5387
454	2352
454	5388
454	5389
455	5390
455	5391
455	5392
456	750
456	5393
456	5394
457	5395
457	5396
457	5397
458	5398
458	1130
458	5399
459	5400
459	4517
459	5401
460	1159
460	1863
460	5402
461	5403
461	5404
461	5405
462	5406
462	5407
462	5408
463	5409
463	5410
463	5411
464	5412
464	5413
464	5414
465	5415
465	5416
465	5417
466	5418
466	5419
467	5420
467	5421
468	625
468	5422
469	5423
469	5424
470	5425
470	5426
471	650
471	2053
472	5427
472	5428
473	956
473	5429
474	5430
474	2700
475	5431
475	3038
476	1315
476	5432
477	5433
477	5434
478	5435
478	5436
479	495
479	5437
480	2629
480	5438
481	5439
481	5440
482	5441
482	5442
483	5443
483	1992
484	5444
484	4013
485	5445
485	5446
486	611
486	193
487	428
487	5447
488	448
488	5373
489	5448
489	2066
490	5449
490	5450
491	5451
491	3955
492	5452
492	5453
493	2947
493	5454
494	4930
494	4931
495	479
495	2055
496	5455
496	5456
497	5441
497	5457
498	5458
498	5459
499	5460
499	5461
500	5462
500	5463
501	5464
501	5465
502	3
502	4879
503	5466
503	5467
504	5212
504	1511
505	2714
505	436
506	2240
506	5468
507	5469
507	5008
508	451
508	5381
509	5470
509	966
510	5471
510	5472
511	3010
511	5473
512	5474
512	5475
513	2799
513	616
514	3568
514	5476
515	5477
515	2983
516	5478
516	5479
517	3155
517	5480
518	112
518	5481
519	5302
519	428
520	5482
520	5483
521	5484
521	2350
522	5485
522	5486
523	5487
523	5488
524	4172
524	5489
525	5490
525	3353
526	5491
526	1854
527	5302
527	770
528	3991
528	5492
529	3549
530	5493
531	764
532	5494
533	5495
534	5496
535	5497
536	5498
537	5499
538	5500
539	5501
540	3355
541	1427
542	5502
543	5503
544	5240
545	5504
546	5505
547	5506
548	5507
549	1035
550	5508
551	5509
552	5510
553	5511
554	5512
555	2053
556	5513
557	5463
558	5514
559	2064
560	5515
561	5516
562	628
563	5517
564	5518
565	5519
566	5520
567	5521
568	5522
569	5523
570	5524
571	5525
572	5526
573	5527
574	5528
575	5529
576	5530
577	341
578	712
579	5531
580	3550
581	5532
582	1188
583	1316
584	3041
585	5533
586	5534
587	5535
588	5536
589	5537
590	1462
591	5538
592	5539
593	5540
594	5541
595	5542
596	5543
597	5544
598	4843
599	5545
600	5546
601	5547
602	2969
603	2136
604	5548
605	5549
606	5550
607	5551
608	5552
609	3348
610	697
611	486
612	5553
613	4537
614	5554
615	5555
616	513
617	5556
618	1445
619	5557
620	5558
621	5559
622	5560
623	5561
624	1253
625	468
626	5562
627	5563
628	562
629	5564
630	5565
631	779
632	1898
633	5566
634	5567
635	5568
636	5569
637	5570
638	2249
639	2223
640	5571
641	5572
642	5573
643	5574
644	665
645	5575
646	5576
647	5577
648	5578
649	5579
650	471
651	670
652	5580
653	5581
654	934
655	5582
656	3991
657	5583
658	5584
659	5585
660	1479
661	5586
662	5587
663	4822
664	1226
665	644
666	5588
667	724
668	5589
669	5590
670	651
671	5591
672	1843
673	1993
674	5592
675	5593
676	5594
677	5334
678	3817
679	385
680	5595
681	5596
682	1514
683	5597
684	5598
685	1901
686	5599
687	2649
688	5600
689	5601
690	3394
691	5602
692	5603
693	5604
694	392
695	5605
696	5606
697	610
698	5607
699	1339
700	5608
701	432
702	5609
703	5610
704	5611
705	5612
706	362
707	5613
708	5614
709	5615
710	5616
711	5297
712	578
713	5617
714	5618
715	5619
716	5620
717	5621
718	5622
719	5623
720	5624
721	5625
722	5626
723	5627
724	667
725	5628
726	5629
727	5630
728	5631
729	5632
730	5633
731	5634
732	5635
733	5636
734	918
735	5637
736	5638
737	3872
738	5639
739	5640
740	5641
741	5642
742	5643
743	5644
744	5645
745	5646
746	5647
747	4610
748	5648
749	5649
750	456
751	5650
752	5651
753	5652
754	4726
755	5653
756	4769
757	5654
758	769
759	5655
760	5656
761	5657
762	4588
763	5658
764	531
765	5659
766	5660
767	2768
768	5661
769	758
770	527
771	2347
772	910
773	5662
774	5663
775	5664
776	2586
777	782
778	5665
779	631
780	5666
781	5667
782	777
783	5668
784	5669
785	5670
786	5671
787	5672
788	1537
789	5673
789	4530
789	5674
789	5675
789	2000
789	5676
789	5677
789	5678
789	5679
789	5680
789	5681
790	5682
790	5683
790	4530
790	5684
790	5685
790	5686
790	5687
790	5688
790	5689
790	5690
791	5691
791	5692
791	5693
791	5694
791	5695
791	5696
791	5697
791	5698
792	1
792	4867
792	4868
792	4869
792	5699
792	24
792	4870
793	5700
793	5701
793	5702
793	5703
793	5704
793	5705
794	5706
794	5707
794	5708
794	5709
794	5710
795	4713
795	5711
795	5712
795	5713
795	5714
796	5715
796	5716
796	5717
796	5718
797	5719
797	5720
797	5721
797	5722
798	5723
798	5724
798	5725
798	5726
799	5727
799	832
799	5728
799	178
800	2578
800	1185
800	5729
801	5730
801	5731
801	5732
802	90
802	5733
802	5734
803	5735
803	5736
803	1989
804	5737
804	5606
804	5738
805	5739
805	3543
805	5475
806	5740
806	5741
806	5401
807	5742
807	5743
807	5744
808	5745
808	5746
808	5747
809	5748
809	5749
810	5750
810	5751
811	5752
811	874
812	5753
812	5754
813	5755
813	5756
814	5757
814	5758
815	5759
815	5760
816	5761
816	3974
817	5762
817	5763
818	3157
818	5764
819	5765
819	5766
820	5767
820	5768
821	5769
821	5770
822	5771
822	5041
823	5772
823	5773
824	5774
824	5775
825	5776
825	875
826	5777
826	5778
827	5779
827	5780
828	3324
828	5781
829	5341
830	5782
831	5783
832	799
833	5784
834	5785
835	5786
836	5787
837	5788
838	5789
839	5790
840	5791
841	5792
842	5793
843	5794
844	3143
845	5795
846	5796
847	5797
848	5798
849	853
850	5799
851	5800
852	5801
853	849
854	3538
855	5802
856	5803
857	5804
858	5805
859	5806
860	883
861	5807
862	5808
863	70
864	877
865	5809
866	5810
867	5811
868	5812
869	5813
870	5814
871	3153
872	5764
873	5815
874	811
875	825
876	5816
877	864
878	5713
879	5817
880	1393
881	5818
882	5819
883	860
884	5820
885	5821
886	5822
887	3478
888	5823
889	5824
890	5825
891	5826
892	5827
893	5828
894	5829
895	3200
896	5830
897	5831
898	5832
899	5833
900	5834
901	3544
902	5835
903	5836
904	5837
905	5838
905	4385
905	5839
905	5840
905	5841
905	5842
905	5843
905	5844
905	5845
905	5846
905	3941
906	3150
906	5847
906	1261
906	5848
906	5849
906	1520
906	5850
906	3138
906	5851
907	5852
907	5853
907	5854
907	5855
907	5856
907	5857
908	432
908	5296
908	1410
908	427
908	5297
908	5085
909	3551
909	5858
909	5859
909	5860
909	929
909	913
910	5861
910	5862
910	5863
910	5864
910	772
911	1986
911	5865
911	5866
911	5867
911	3558
912	934
912	5868
912	49
912	5869
912	5870
913	5871
913	5860
913	5872
913	5873
913	909
914	5874
914	5875
914	124
914	5876
915	5877
915	5878
915	5879
915	5880
916	5
916	4883
916	4884
916	4885
917	5881
917	5882
917	5883
918	5884
918	5885
918	734
919	5886
919	5887
919	5086
920	5888
920	5889
920	1170
921	5890
921	3805
921	5891
922	5892
922	5893
922	5894
923	2560
923	3562
923	5895
924	5896
924	5897
924	5898
925	1510
925	5899
925	2928
926	5900
926	5901
926	247
927	5902
927	5903
927	1972
928	5904
928	5905
928	5906
929	4996
929	909
929	1972
930	5907
930	5908
930	5909
931	5910
931	5911
931	5912
932	5913
932	183
933	5914
933	5915
934	654
934	912
935	5916
935	5917
936	5918
936	950
937	2784
937	5919
938	2094
938	3557
939	5920
939	5921
940	5922
940	4554
941	5923
941	5924
942	5925
942	5926
943	5927
943	5928
944	5929
944	5930
945	3172
945	1548
946	5217
946	5931
947	5932
947	1026
948	5933
948	5934
949	5935
949	5936
950	936
950	5918
951	5937
951	5938
952	5939
952	1360
953	5940
953	979
954	5941
954	5942
955	5943
955	5944
956	473
956	5429
957	5945
957	5946
958	989
958	1109
959	1541
959	5947
960	1071
960	5948
961	5949
961	5950
962	5951
962	5952
963	5953
963	5954
964	379
964	5955
965	5956
965	5957
966	509
966	5958
967	5959
968	1214
969	971
970	5960
971	969
972	5961
973	5962
974	5963
975	5964
976	5965
977	5966
978	3376
979	953
980	1631
981	5967
982	5968
983	1158
984	5969
985	5970
986	5971
987	1079
988	5972
989	958
990	5973
991	5974
992	5975
993	5976
994	5977
995	5959
996	5978
997	5979
998	1086
999	5980
1000	5981
1001	5982
1002	5983
1003	5984
1004	5985
1005	5986
1006	2022
1007	5987
1008	4737
1009	5988
1010	5989
1011	5990
1012	428
1013	5991
1014	5992
1015	1140
1016	5993
1017	1139
1018	5994
1019	1134
1020	5995
1021	1177
1022	5996
1023	5997
1024	5998
1025	5999
1026	947
1027	49
1028	1136
1029	6000
1030	6001
1031	3594
1032	6002
1033	2291
1034	6003
1035	549
1036	1098
1037	6004
1038	6005
1039	1149
1040	6006
1041	6007
1042	6008
1043	6009
1044	6010
1045	6011
1046	6012
1047	1103
1048	6013
1049	6014
1050	6015
1051	6016
1052	6017
1053	6018
1054	6019
1055	6020
1056	6021
1057	6022
1058	6023
1059	6024
1060	6025
1061	6026
1062	6027
1063	6028
1064	3395
1065	6029
1066	6030
1067	1095
1068	2042
1069	6031
1070	6032
1071	960
1072	1993
1073	6033
1074	6034
1075	6035
1076	6036
1077	1273
1078	6037
1079	987
1080	6038
1081	6039
1082	6040
1083	6041
1084	6042
1085	6043
1086	998
1087	6044
1088	6045
1089	4694
1090	6046
1091	6047
1092	1118
1093	6048
1094	6049
1095	1067
1096	5930
1097	1351
1098	1036
1099	6050
1100	6051
1101	6052
1102	5592
1103	1047
1104	1135
1105	6053
1106	5943
1107	6054
1108	6055
1109	958
1110	4926
1111	6056
1112	6057
1113	6058
1114	6059
1115	6060
1116	6061
1117	1133
1118	1092
1119	6062
1120	6063
1121	5964
1122	6064
1123	6065
1124	6066
1125	6067
1126	6068
1127	6069
1128	6070
1129	3477
1130	458
1131	6071
1132	6072
1133	1117
1134	1019
1135	1104
1136	1028
1137	5937
1138	6073
1139	1017
1140	1015
1141	6074
1142	6075
1143	1166
1144	6076
1145	6077
1146	6078
1147	6079
1148	218
1149	1039
1150	6080
1151	6081
1152	4697
1153	6082
1154	6083
1155	3604
1156	6084
1157	6085
1158	983
1159	460
1160	6086
1161	6087
1162	6088
1163	6089
1164	6090
1165	6091
1166	1143
1167	435
1168	6092
1169	6093
1170	920
1171	1185
1172	6094
1173	6095
1174	6096
1175	5955
1176	6097
1177	1021
1178	6098
1179	416
1180	6099
1181	6100
1182	6101
1183	6102
1184	6103
1184	6104
1184	6105
1184	1219
1184	6106
1184	6107
1184	6108
1184	5401
1184	6109
1184	1203
1184	6110
1185	800
1185	4944
1185	6111
1185	2578
1185	1539
1185	1171
1185	5729
1185	6112
1185	6113
1185	3935
1186	1240
1186	6114
1186	4272
1186	6115
1186	6116
1186	1201
1186	6117
1187	6118
1187	6119
1187	6120
1187	6121
1187	6122
1187	6123
1188	6124
1188	582
1188	1828
1188	6125
1188	6126
1188	6127
1189	6128
1189	6129
1189	6130
1189	6131
1189	6132
1190	6133
1190	1988
1190	6134
1190	6135
1190	5003
1191	6136
1191	6137
1191	6138
1191	6139
1191	6140
1192	5682
1192	6141
1192	6142
1192	290
1193	3806
1193	6143
1193	6144
1193	256
1194	6145
1194	4361
1194	1304
1195	6146
1195	6106
1195	1203
1196	6147
1196	6148
1196	6149
1197	6150
1197	6151
1197	6152
1198	2141
1198	6153
1198	4996
1199	6154
1199	6155
1199	6156
1200	6157
1200	6158
1200	6159
1201	4272
1201	6115
1201	1186
1202	6115
1202	3798
1202	6117
1203	1195
1203	6160
1203	1184
1204	6161
1204	6162
1205	6163
1205	6164
1206	6165
1206	6166
1207	6167
1207	6168
1208	2020
1208	6169
1209	6170
1209	6171
1210	6172
1210	1225
1211	6173
1211	6174
1212	2718
1212	6175
1213	6176
1213	6177
1214	968
1214	5818
1215	6178
1215	6179
1216	6180
1216	1861
1217	6181
1217	6182
1218	6183
1218	6184
1219	1184
1219	6185
1220	6186
1220	6187
1221	6188
1221	6189
1222	6190
1222	6191
1223	6192
1223	6193
1224	5464
1224	5465
1225	1210
1225	6172
1226	2623
1226	664
1227	1333
1227	6194
1228	1238
1228	6195
1229	6196
1229	6197
1230	6198
1230	6199
1231	6200
1231	6201
1232	3898
1232	6202
1233	6203
1233	6204
1234	1245
1235	1282
1236	6205
1237	6206
1238	1228
1239	6207
1240	1186
1241	4
1242	6208
1243	2464
1244	6209
1245	1234
1246	6210
1247	1279
1248	1860
1249	6211
1250	6212
1251	6213
1252	6214
1253	624
1254	250
1255	6215
1256	4365
1257	2747
1258	6216
1259	1267
1260	6217
1261	906
1262	6218
1263	6219
1264	6220
1265	6221
1266	3923
1267	1259
1268	6160
1269	5622
1270	6222
1271	6223
1272	6224
1273	1077
1274	6225
1275	6226
1276	6227
1277	6228
1278	6229
1279	1247
1280	6230
1281	6231
1282	1235
1283	6232
1284	6233
1285	1298
1286	6234
1287	3721
1288	6235
1289	6236
1290	6237
1291	6238
1292	6239
1293	2313
1294	6240
1295	6241
1296	3964
1297	1536
1298	1285
1299	2354
1300	6242
1301	6243
1302	6244
1303	6245
1304	1194
1305	2181
1306	6246
1307	3843
1308	6247
1309	6248
1309	6249
1309	6250
1309	6251
1309	2595
1309	4191
1309	2733
1309	6252
1309	6253
1309	6254
1309	6255
1310	6256
1310	6257
1310	6258
1310	6259
1310	6260
1311	6261
1311	6262
1311	6263
1311	6264
1311	6265
1312	4389
1312	6266
1312	6267
1312	6268
1312	6269
1313	6270
1313	6271
1313	6272
1313	6273
1313	6274
1314	6275
1314	6276
1314	2940
1314	6277
1314	6278
1315	476
1315	3162
1315	6279
1315	5432
1316	210
1316	5145
1316	583
1316	3109
1317	6280
1317	6281
1317	6282
1317	6283
1318	6284
1318	6285
1318	6286
1318	6287
1319	6288
1319	6289
1319	1585
1319	6290
1320	6291
1320	6292
1320	6293
1321	1627
1321	3102
1321	6294
1322	6295
1322	3384
1322	6296
1323	3570
1323	6297
1323	6298
1324	6299
1324	1668
1324	1482
1325	3181
1325	6300
1325	6301
1326	6302
1326	2608
1326	6303
1327	2795
1327	4419
1327	6304
1328	6305
1328	6306
1328	6307
1329	6308
1329	6309
1329	6310
1330	6311
1330	6312
1330	6313
1331	3749
1331	3130
1331	1503
1332	6314
1332	6315
1332	6316
1333	6317
1333	1227
1333	6194
1334	6318
1334	6319
1334	5764
1335	6320
1335	1496
1336	1368
1336	1601
1337	6321
1337	6322
1338	2500
1338	6323
1339	6324
1339	699
1340	6325
1340	6326
1341	6327
1341	3600
1342	6328
1342	6329
1343	3377
1343	6330
1344	1577
1344	6331
1345	6332
1345	6333
1346	6334
1346	5111
1347	6335
1347	6336
1348	6337
1348	6338
1349	6339
1349	2882
1350	6340
1350	6341
1351	3058
1351	1097
1352	388
1352	6342
1353	4795
1353	6343
1354	2436
1354	6344
1355	6345
1355	6346
1356	6347
1356	6348
1357	6349
1357	6350
1358	6351
1358	6352
1359	6353
1359	6354
1360	6355
1360	952
1361	6356
1361	2614
1362	3997
1362	6357
1363	6358
1363	5253
1364	6359
1364	1466
1365	6360
1365	6361
1366	6362
1367	6363
1368	1336
1369	6364
1370	6365
1371	6366
1372	6367
1373	6368
1374	6369
1375	6370
1376	6371
1377	6372
1378	6373
1379	6374
1380	6375
1381	1775
1382	6376
1383	3166
1384	6377
1385	6378
1386	6349
1387	4289
1388	6379
1389	2767
1390	3563
1391	6380
1392	6381
1393	880
1394	6382
1395	1709
1396	4038
1397	6315
1398	6383
1399	4319
1400	6384
1401	6385
1402	6386
1403	6387
1404	6388
1405	2680
1406	6389
1407	6390
1408	6391
1409	6392
1410	908
1411	4491
1412	2303
1413	6393
1414	2701
1415	6394
1416	6395
1417	6396
1418	6397
1419	6398
1420	85
1421	5102
1422	3450
1423	6399
1424	1451
1425	3153
1426	6400
1427	541
1428	6401
1429	6402
1430	6403
1431	6404
1432	6405
1433	6406
1434	1971
1435	2194
1436	2262
1437	6407
1438	6408
1439	6409
1440	1533
1441	6410
1442	2590
1443	2198
1444	1502
1445	618
1446	6411
1447	4740
1448	6412
1449	6413
1450	6414
1451	1424
1452	6415
1453	6416
1454	6417
1455	6418
1456	6419
1457	6420
1458	6421
1459	6422
1460	1495
1461	6423
1462	590
1463	3490
1464	6424
1465	6425
1466	1364
1467	6426
1468	4600
1469	6427
1470	6428
1471	6429
1472	2622
1473	6430
1474	6431
1475	6432
1476	6433
1477	5581
1478	6434
1479	660
1480	374
1481	6435
1482	1324
1483	6436
1484	6437
1485	6438
1486	2608
1487	6439
1488	6440
1489	6441
1490	6442
1491	6443
1492	6444
1493	3909
1494	6445
1495	1460
1496	1335
1497	6446
1498	4411
1499	6447
1500	6448
1501	6449
1502	1444
1503	1331
1504	6450
1505	6451
1506	6452
1507	1535
1508	6453
1508	6454
1508	6455
1508	6456
1508	6457
1508	6458
1508	1833
1508	4273
1508	6459
1509	6460
1509	3326
1509	6461
1509	6462
1509	6463
1509	3148
1509	6464
1509	6465
1509	4249
1510	3552
1510	6466
1510	5899
1510	2926
1510	925
1510	2928
1510	6467
1510	6468
1511	6469
1511	5212
1511	6470
1511	4736
1511	504
1511	6471
1511	6472
1511	4433
1512	6473
1512	4906
1512	6474
1512	6475
1512	6476
1512	6477
1512	3532
1512	6478
1513	6479
1513	5100
1513	6480
1513	5101
1513	190
1513	2569
1514	6481
1514	682
1514	5338
1514	436
1514	6482
1515	6483
1515	6484
1515	1518
1515	6485
1515	6486
1516	1835
1516	6487
1516	2949
1516	1696
1516	2931
1517	6488
1517	6489
1517	6490
1517	6491
1517	4841
1518	6483
1518	6484
1518	1515
1518	6485
1518	6486
1519	6492
1519	1720
1519	4746
1519	1550
1519	1532
1520	3171
1520	5847
1520	906
1520	6493
1520	2739
1521	1555
1521	1995
1521	5956
1521	6494
1521	6495
1522	6496
1522	2890
1522	2271
1522	6497
1523	6498
1523	6499
1523	6500
1523	6501
1524	6502
1524	6503
1524	1594
1524	6504
1525	3178
1525	1536
1525	6505
1525	6506
1526	6507
1526	6508
1526	6509
1526	6510
1527	6511
1527	6512
1527	2397
1527	6513
1528	6514
1528	6515
1528	6516
1528	6517
1529	3559
1529	6518
1529	6519
1529	6520
1530	2927
1530	6521
1530	6522
1530	6523
1531	1661
1531	6524
1531	6400
1531	6525
1532	6526
1532	6492
1532	1519
1532	1550
1533	1440
1533	1592
1533	6527
1534	3033
1534	6466
1534	6468
1535	2089
1535	6528
1535	1507
1536	1525
1536	4547
1536	1297
1537	1590
1537	6529
1537	788
1538	3158
1538	6530
1538	6531
1539	1185
1539	6112
1539	6113
1540	5030
1540	6532
1540	6533
1541	4982
1541	959
1541	55
1542	6534
1542	6535
1542	6536
1543	6537
1543	6538
1543	5573
1544	6539
1544	6540
1544	6541
1545	6542
1545	6543
1545	6544
1546	6545
1546	6546
1546	6547
1547	6548
1547	6549
1547	6550
1548	3172
1548	945
1548	6551
1549	2961
1549	1656
1549	6552
1550	6492
1550	1519
1550	1532
1551	6553
1551	6554
1551	2075
1552	6555
1552	6556
1552	2342
1553	6557
1553	6558
1554	6559
1554	2965
1555	5956
1555	1521
1556	235
1556	5180
1557	1876
1557	6560
1558	6561
1558	6562
1559	6563
1559	4409
1560	6564
1560	6565
1561	4481
1561	6566
1562	6567
1562	6568
1563	6487
1563	2928
1564	6569
1564	6570
1565	6571
1565	3265
1566	6572
1566	6573
1567	6553
1567	6554
1568	6574
1568	2953
1569	6575
1569	6576
1570	4905
1570	6577
1571	6578
1571	5229
1572	3103
1572	1979
1573	2943
1573	6579
1574	6580
1574	6581
1575	2946
1575	4832
1576	6582
1576	2709
1577	1344
1577	335
1578	6583
1578	6584
1579	3623
1579	6585
1580	6586
1580	1598
1581	6587
1581	6588
1582	6589
1582	6590
1583	6591
1583	6592
1584	6593
1584	3350
1585	6288
1585	1319
1586	6594
1586	6595
1587	6596
1587	6597
1588	2699
1588	6598
1589	6599
1589	6600
1590	6601
1590	1537
1591	6602
1591	6603
1592	1533
1592	6604
1593	6605
1593	6606
1594	4699
1594	1524
1595	2012
1595	6607
1596	6608
1596	6609
1597	6610
1597	6611
1598	6586
1598	1580
1599	2235
1599	6612
1600	6613
1600	6614
1601	1336
1601	6615
1602	5555
1602	6616
1603	6617
1603	6618
1604	6619
1604	6620
1605	6621
1605	6152
1606	6622
1606	2056
1607	6623
1608	6624
1609	6625
1610	6626
1611	4894
1612	3301
1613	6459
1614	5792
1615	6627
1616	3220
1617	6628
1618	6629
1619	6630
1620	6631
1621	6632
1622	6633
1623	6634
1624	1772
1625	6635
1626	6636
1627	1321
1628	6637
1629	6638
1630	1675
1631	980
1632	6639
1633	2968
1634	6640
1635	6641
1636	6642
1637	3125
1638	5333
1639	6643
1640	1694
1641	6644
1642	6645
1643	6646
1644	3216
1645	6647
1646	6648
1647	6649
1648	6650
1649	6651
1650	1685
1651	6652
1652	6653
1653	6654
1654	6655
1655	6656
1656	1549
1657	6657
1658	3505
1659	6658
1660	3269
1661	1531
1662	6659
1663	6660
1664	6661
1665	6662
1666	4212
1667	6663
1668	1324
1669	6664
1670	4719
1671	6665
1672	6666
1673	1791
1674	6667
1675	1630
1676	6668
1677	6669
1678	6670
1679	3228
1680	6671
1681	6672
1682	6673
1683	6674
1684	6675
1685	1650
1686	5109
1687	6676
1688	6659
1689	1964
1690	6677
1691	6678
1692	6679
1693	6680
1694	1640
1695	153
1696	1516
1697	6681
1698	351
1699	6682
1700	253
1701	204
1702	6683
1703	2971
1704	6684
1705	6685
1706	6686
1707	1712
1708	6687
1709	1395
1710	6688
1711	6689
1712	1707
1713	6690
1714	2640
1715	6691
1716	6692
1717	6693
1718	6694
1719	6695
1720	1519
1721	6665
1722	6696
1723	6697
1724	5450
1725	6698
1726	6699
1727	6700
1728	6701
1729	6702
1730	318
1731	6703
1732	6704
1733	6705
1734	6706
1735	6707
1736	6708
1737	6709
1738	6710
1739	1803
1740	5150
1741	6711
1742	5508
1743	3427
1744	6712
1745	6713
1746	6714
1747	6715
1748	6716
1749	6717
1750	6718
1751	6719
1752	6720
1753	6721
1754	3219
1755	6722
1756	6723
1757	3147
1758	6724
1759	6725
1760	6726
1761	4266
1762	6727
1763	6728
1764	6729
1765	6730
1766	6731
1767	6732
1768	6733
1769	6734
1770	6735
1771	6736
1772	1624
1773	3805
1774	6737
1775	1381
1776	6738
1777	6739
1778	6740
1779	6741
1780	4097
1781	6742
1782	1793
1783	6743
1784	6744
1785	6745
1786	6746
1787	6747
1788	6748
1789	6749
1790	6750
1791	1673
1792	6751
1793	1782
1794	6752
1795	6468
1796	1808
1797	6753
1798	6754
1799	6755
1800	6756
1801	6757
1802	4003
1803	1739
1804	6758
1805	2889
1806	1897
1807	3073
1808	1796
1809	6759
1810	3463
1811	6760
1812	6761
1813	1823
1813	6762
1813	1814
1813	4921
1813	1859
1813	6763
1813	6764
1813	1840
1813	6765
1813	252
1813	6766
1813	6767
1813	1816
1814	6768
1814	1908
1814	4921
1814	6769
1814	6763
1814	1813
1814	6764
1814	6765
1814	252
1814	3949
1814	6770
1815	5030
1815	6771
1815	6772
1815	4714
1815	3148
1815	6773
1815	6774
1815	2338
1815	6775
1815	6776
1816	3323
1816	3361
1816	1823
1816	6777
1816	1813
1816	1840
1816	2900
1816	6767
1816	6778
1816	3393
1817	200
1817	6779
1817	6780
1817	5122
1817	6781
1817	6782
1817	6783
1817	5123
1818	6784
1818	6785
1818	6786
1818	6787
1818	1819
1818	1820
1818	6788
1819	1818
1819	6784
1819	6786
1819	6787
1819	1820
1819	6788
1819	6789
1820	1818
1820	6784
1820	6790
1820	6787
1820	6791
1820	1819
1820	6789
1821	6792
1821	6793
1821	6794
1821	6795
1821	6796
1821	6797
1822	6798
1822	339
1822	5203
1822	6799
1822	6800
1822	6801
1823	6762
1823	1859
1823	1813
1823	6766
1823	1816
1824	6802
1824	6803
1824	6804
1824	4704
1824	6805
1825	6802
1825	6806
1825	4704
1825	6805
1825	6807
1826	6755
1826	309
1826	5079
1826	1857
1826	6808
1827	383
1827	6809
1827	6810
1827	4434
1828	6811
1828	1924
1828	1188
1828	6812
1829	6813
1829	5819
1829	6814
1829	1991
1830	6815
1830	6816
1830	6817
1830	6818
1831	6819
1831	6820
1831	1929
1831	6821
1832	6822
1832	3328
1832	6823
1832	6824
1833	6453
1833	1508
1833	6456
1833	6457
1834	6825
1834	6826
1834	6827
1835	6487
1835	1516
1835	6552
1836	6828
1836	6829
1836	6830
1837	5064
1837	186
1837	3322
1838	6831
1838	6832
1838	6630
1839	6833
1839	6834
1839	6835
1840	1813
1840	6767
1840	1816
1841	6836
1841	6837
1841	6838
1842	6839
1842	6175
1842	6840
1843	6841
1843	672
1843	6842
1844	6843
1844	6844
1844	6845
1845	6846
1845	6847
1845	6848
1846	6849
1846	6850
1846	4924
1847	6851
1847	6852
1847	6853
1848	6479
1848	6854
1849	6855
1849	6856
1850	6857
1850	6858
1851	6859
1851	6860
1852	6861
1852	6862
1853	6863
1853	6864
1854	5491
1854	526
1855	6865
1855	6866
1856	5203
1856	6801
1857	6755
1857	1826
1858	2734
1858	6766
1859	1823
1859	1813
1860	1248
1860	6867
1861	1216
1861	6180
1862	6868
1862	6869
1863	460
1863	5402
1864	6870
1864	6871
1865	6872
1865	2994
1866	5956
1866	6873
1867	6874
1867	6875
1868	6809
1868	6876
1869	6877
1869	6878
1870	6879
1870	6880
1871	6881
1871	6788
1872	6534
1872	6536
1873	6882
1874	6883
1875	6884
1876	1557
1877	6885
1878	163
1879	6886
1880	6887
1881	1968
1882	6888
1883	5537
1884	6889
1885	6766
1886	6890
1887	6891
1888	1904
1889	1951
1890	6892
1891	6893
1892	1956
1893	3583
1894	6894
1895	6895
1896	6896
1897	1806
1898	632
1899	4683
1900	6897
1901	685
1902	422
1903	6791
1904	1888
1905	6898
1906	6899
1907	6767
1908	1814
1909	6900
1910	6901
1911	6902
1912	3150
1913	6903
1914	6904
1915	5115
1916	6905
1917	6906
1918	6907
1919	6908
1920	6909
1921	6871
1922	6764
1923	1958
1924	1828
1925	6766
1926	6910
1927	6911
1928	6767
1929	1831
1930	6912
1931	6913
1932	6914
1933	6915
1934	3399
1935	6916
1936	2202
1937	6917
1938	219
1939	6918
1940	6919
1941	6920
1942	6921
1943	6922
1944	6923
1945	6924
1946	397
1947	6925
1948	6926
1949	6927
1950	6928
1951	1889
1952	6929
1953	6930
1954	6931
1955	6886
1956	1892
1957	6932
1958	1923
1959	6933
1960	6934
1961	6935
1962	6936
1963	3339
1964	1689
1965	6937
1966	6938
1967	6810
1968	1881
1969	6939
1970	6940
1971	6941
1971	3634
1971	6942
1971	6943
1971	3560
1971	6944
1971	1434
1971	6945
1971	6946
1971	6947
1971	6948
1971	6949
1971	6950
1971	6951
1972	6952
1972	5858
1972	6953
1972	5859
1972	6954
1972	6955
1972	5988
1972	927
1972	929
1972	2068
1972	6956
1972	6957
1972	5873
1973	6958
1973	5319
1973	6959
1973	6960
1973	6961
1973	6962
1973	6963
1973	6964
1973	6965
1974	6966
1974	3186
1974	6967
1974	6968
1974	6969
1974	6970
1974	6971
1975	6972
1975	5945
1975	1983
1975	1990
1975	6973
1975	6974
1975	6975
1976	6976
1976	6977
1976	6978
1976	6979
1976	4889
1976	6980
1976	6981
1977	6982
1977	1981
1977	1983
1977	6973
1977	6983
1977	6975
1978	6984
1978	6985
1978	6986
1978	6987
1978	6988
1978	6989
1979	6990
1979	5094
1979	1572
1979	6751
1979	5095
1979	188
1980	5094
1980	6991
1980	4701
1980	6992
1980	188
1981	1977
1981	6972
1981	6993
1981	6973
1981	6975
1982	3803
1982	6994
1982	6995
1982	6996
1982	6997
1983	1977
1983	1975
1983	6973
1983	6983
1983	6975
1984	6998
1984	6999
1984	7000
1984	7001
1984	7002
1985	7003
1985	5405
1985	7004
1985	7005
1985	7006
1986	2011
1986	911
1986	3558
1986	7007
1987	7008
1987	7009
1987	7010
1987	7011
1988	7012
1988	1190
1988	6134
1988	7013
1989	5735
1989	7014
1989	803
1989	7015
1990	5945
1990	1975
1990	6973
1990	7016
1991	7017
1991	7018
1991	5819
1991	1829
1992	7019
1992	483
1992	4418
1992	3550
1993	1072
1993	7020
1993	673
1993	7021
1994	7022
1994	2946
1994	3086
1995	6494
1995	6495
1995	1521
1996	7023
1996	7024
1996	7025
1997	7026
1997	7027
1997	7028
1998	7029
1998	7030
1998	7031
1999	7032
1999	7033
1999	7034
2000	789
2000	5677
2000	7035
2001	7036
2001	7037
2001	7038
2002	7039
2002	7040
2002	7041
2003	7042
2003	7043
2003	7044
2004	7045
2004	2028
2004	2211
2005	4904
2005	4983
2005	7046
2006	2078
2006	7047
2006	7048
2007	4413
2007	7049
2007	7050
2008	7051
2008	7052
2008	5863
2009	3579
2009	3555
2009	7053
2010	7054
2010	7055
2011	1986
2011	3558
2012	1595
2012	7056
2013	7057
2013	7058
2014	2015
2014	7059
2015	2014
2015	7059
2016	7060
2016	7061
2017	7062
2017	7063
2018	7064
2018	7065
2019	5385
2019	5386
2020	1208
2020	6169
2021	7066
2021	7067
2022	1006
2022	5863
2023	7068
2023	7069
2024	3348
2024	7070
2025	7071
2025	6725
2026	7072
2026	7073
2027	2310
2027	7074
2028	7045
2028	2004
2029	3572
2029	7075
2030	2063
2030	7076
2031	7077
2031	7078
2032	7079
2032	5317
2033	7080
2033	7081
2034	7082
2034	7083
2035	184
2035	5086
2036	5945
2036	7084
2037	3597
2037	7085
2038	7086
2038	7087
2039	7088
2039	7089
2040	220
2040	7090
2041	7091
2041	7092
2042	1068
2042	7093
2043	7094
2043	7095
2044	7096
2044	7097
2045	226
2045	7098
2046	2196
2046	2236
2047	7099
2047	7100
2048	7101
2048	4127
2049	7102
2049	7103
2050	7104
2050	7105
2051	5775
2051	7106
2052	7107
2052	7108
2053	471
2053	555
2054	7109
2054	7110
2055	495
2055	7111
2056	7112
2056	1606
2057	7113
2057	7114
2058	7115
2058	7116
2059	431
2059	5321
2060	7117
2060	2556
2061	7118
2061	7119
2062	7120
2062	7121
2063	2030
2063	7076
2064	7122
2064	559
2065	2702
2065	2247
2066	2104
2066	489
2067	7123
2067	7124
2068	7125
2068	1972
2069	7126
2069	7127
2070	2980
2070	7128
2071	7129
2071	7130
2072	7131
2072	7132
2073	432
2073	7133
2074	7134
2074	7135
2075	6553
2075	1551
2076	7136
2077	7137
2078	2006
2079	7138
2080	7139
2081	7140
2082	7141
2083	2121
2084	7142
2085	4243
2086	7143
2087	7144
2088	3452
2089	1535
2090	2270
2091	7145
2092	7146
2093	2234
2094	938
2095	7147
2096	2258
2097	7148
2098	7149
2099	7150
2100	7151
2101	7152
2102	7153
2103	7154
2104	2066
2105	7155
2106	7156
2107	7157
2108	7158
2109	7159
2110	7160
2111	7161
2112	7162
2113	5319
2114	7163
2115	7164
2116	2164
2117	7165
2118	7166
2119	6703
2120	7167
2121	2083
2122	7168
2123	7169
2124	7170
2125	2301
2126	7171
2127	7172
2128	7173
2129	7174
2130	7175
2131	247
2132	7176
2133	7177
2134	7178
2135	7179
2136	603
2137	2185
2138	7180
2139	7181
2140	7182
2141	1198
2142	7183
2143	7184
2144	2193
2145	7185
2146	2910
2147	7048
2148	7186
2149	7187
2150	7188
2151	2282
2152	7189
2153	7190
2154	7191
2155	7192
2156	7193
2157	5005
2158	7194
2159	7195
2160	7196
2161	7197
2162	2559
2163	7198
2164	2116
2165	7199
2166	7200
2167	2267
2168	7201
2169	7202
2170	7203
2171	7204
2172	7205
2173	2292
2174	7206
2175	4723
2176	7207
2177	7208
2178	4649
2179	7209
2180	6913
2181	1305
2182	2256
2183	7210
2184	7211
2185	2137
2186	6919
2187	2241
2188	7212
2189	350
2190	3391
2191	7213
2192	7214
2193	2144
2194	1435
2195	7215
2196	2046
2197	7216
2198	1443
2199	7217
2200	2285
2201	7218
2202	1936
2203	7219
2204	7220
2205	7221
2206	2296
2207	7222
2208	7223
2209	2276
2210	7224
2211	2004
2212	7225
2213	4590
2214	7226
2215	7227
2216	7228
2217	7229
2218	7230
2219	5989
2220	2280
2221	2681
2222	7231
2223	639
2224	7232
2225	7233
2226	7234
2227	7235
2228	7236
2229	7237
2230	7238
2231	7239
2232	7240
2233	7103
2234	2093
2235	1599
2236	2046
2237	7241
2238	6736
2239	7242
2240	506
2241	2187
2242	7243
2243	7244
2244	5953
2245	2480
2246	7245
2247	2065
2248	3654
2249	638
2250	2318
2251	7246
2252	2286
2253	7247
2254	431
2255	7248
2256	2182
2257	7249
2258	2096
2259	7250
2260	7251
2261	5833
2262	1436
2263	7252
2264	7253
2265	4328
2266	7254
2267	2167
2268	7255
2269	7256
2270	2090
2271	1522
2272	7257
2273	7258
2274	7037
2275	4306
2276	2209
2277	7259
2278	3635
2279	7260
2280	2220
2281	4609
2282	2151
2283	5945
2284	7261
2285	2200
2286	2252
2287	7262
2288	7263
2289	7264
2290	7265
2291	1033
2292	2173
2293	7266
2294	7267
2295	7268
2296	2206
2297	7269
2298	7270
2299	7271
2300	7272
2301	2125
2302	7273
2303	1412
2304	7274
2305	7275
2306	3557
2307	7276
2308	7277
2309	7278
2310	2027
2311	3420
2312	7279
2313	1293
2314	7280
2315	7281
2316	7282
2317	7283
2318	2250
2319	7284
2320	7285
2321	7286
2322	7287
2323	7288
2324	7289
2325	7290
2326	7291
2327	7292
2328	7293
2329	7294
2330	7279
2331	7295
2332	6631
2333	3079
2334	7296
2335	7297
2336	2437
2336	7298
2336	2444
2336	7299
2336	2445
2336	2479
2336	7300
2336	7301
2336	2399
2336	2349
2337	7302
2337	7303
2337	7304
2337	7305
2337	7306
2337	7307
2337	2403
2338	6461
2338	3148
2338	6773
2338	7308
2338	6774
2338	1815
2339	7309
2339	7310
2339	7311
2339	7312
2339	6196
2339	7313
2340	7314
2340	2453
2340	7315
2340	7316
2340	7317
2341	7318
2341	7319
2341	7320
2341	7321
2342	6556
2342	7322
2342	7323
2342	1552
2343	7324
2343	7325
2343	7326
2343	7327
2344	7328
2344	406
2344	194
2344	7329
2345	7330
2345	7331
2345	7332
2345	7333
2346	3834
2346	7334
2346	6605
2346	6606
2347	3434
2347	3550
2347	7335
2347	771
2348	7336
2348	3797
2348	7337
2348	2540
2349	2336
2349	7298
2349	7338
2349	2363
2350	7339
2350	4279
2350	521
2350	5484
2351	2374
2351	7340
2351	7341
2352	5388
2352	454
2352	5389
2353	7342
2353	7343
2353	7344
2354	7345
2354	1299
2354	6620
2355	7346
2355	7347
2355	7348
2356	2358
2356	7349
2356	7350
2357	5030
2357	6532
2357	3153
2358	2356
2358	7349
2358	7351
2359	2372
2359	7352
2359	6842
2360	7353
2360	7354
2360	7355
2361	7356
2361	7357
2361	7358
2362	7359
2362	7360
2362	2550
2363	2431
2363	7361
2363	2349
2364	4990
2364	7362
2364	7363
2365	7298
2365	7300
2366	7364
2366	7365
2367	2497
2367	2504
2368	7366
2368	4755
2369	7367
2369	7368
2370	5956
2370	6166
2371	7369
2371	7370
2372	2359
2372	6842
2373	7371
2373	7372
2374	2351
2374	7341
2375	7373
2375	7374
2376	4666
2376	7375
2377	7376
2377	7377
2378	7378
2378	7379
2379	7380
2379	3816
2380	7381
2380	7382
2381	7383
2381	7384
2382	2410
2382	2510
2383	7385
2383	7386
2384	7387
2384	7388
2385	7389
2385	7390
2386	7391
2386	7392
2387	7393
2387	7394
2388	7395
2388	3797
2389	2619
2389	7396
2390	7397
2390	7398
2391	7399
2391	7400
2392	2429
2392	7401
2393	3556
2393	7402
2394	7403
2394	7404
2395	4316
2395	7405
2396	7406
2396	7407
2397	1527
2397	6513
2398	7408
2398	7409
2399	2336
2399	2428
2400	7410
2400	7411
2401	7359
2401	7412
2402	7413
2402	7414
2403	2337
2403	7305
2404	7415
2405	7416
2406	7417
2407	6323
2408	2516
2409	314
2410	2382
2411	7418
2412	7419
2413	7420
2414	4939
2415	7421
2416	4430
2417	7422
2418	7423
2419	2551
2420	7424
2421	3129
2422	4298
2423	183
2424	7425
2425	3194
2426	7426
2427	7427
2428	2399
2429	2392
2430	2443
2431	2363
2432	3966
2433	3869
2434	7428
2435	7429
2436	1354
2437	2336
2438	7430
2439	7431
2440	7432
2441	295
2442	4255
2443	2430
2444	2336
2445	2336
2446	7433
2447	7434
2448	7435
2449	7436
2450	7437
2451	7438
2452	2465
2453	2340
2454	3798
2455	7439
2456	6751
2457	7440
2458	7441
2459	7442
2460	7443
2461	7444
2462	7445
2463	7446
2464	1243
2465	2452
2466	7447
2467	5026
2468	7448
2469	7449
2470	7450
2471	2547
2472	7451
2473	7452
2474	7453
2475	2545
2476	7454
2477	7455
2478	4945
2479	2336
2480	2245
2481	7456
2482	7457
2483	7458
2484	7401
2485	7459
2486	7460
2487	3880
2488	4371
2489	4
2490	2553
2491	7461
2492	7462
2493	7463
2494	7464
2495	7465
2496	7466
2497	2367
2498	7467
2499	4278
2500	1338
2501	2513
2502	7468
2503	7469
2504	2367
2505	6124
2506	7470
2507	7471
2508	7472
2509	7473
2510	2382
2511	2526
2512	7474
2513	2501
2514	4522
2515	7475
2516	2408
2517	4284
2518	7476
2519	7477
2520	7478
2521	7479
2522	7480
2523	7481
2524	4904
2525	5691
2526	2511
2527	7482
2528	4329
2529	7355
2530	2548
2531	7361
2532	7483
2533	7484
2534	7485
2535	7486
2536	4351
2537	7487
2538	7488
2539	7472
2540	2348
2541	4323
2542	5289
2543	7489
2544	7490
2545	2475
2546	7491
2547	2471
2548	2530
2549	4302
2550	2362
2551	2419
2552	7492
2553	2490
2554	3801
2554	7129
2554	3799
2554	4902
2554	7493
2554	2908
2554	7494
2554	7495
2554	7496
2555	4540
2555	4550
2555	7497
2555	7498
2555	2585
2555	4581
2555	7499
2556	7500
2556	7501
2556	7502
2556	2060
2556	7503
2556	7504
2557	7505
2557	7506
2557	3971
2557	7507
2557	7508
2557	7509
2558	4698
2558	4738
2558	4703
2558	7510
2558	4705
2558	7511
2559	2162
2559	7512
2559	5462
2559	7513
2559	7514
2560	6820
2560	7515
2560	923
2560	4572
2560	3562
2561	7516
2561	7517
2561	7518
2561	7519
2561	7520
2562	5337
2562	7521
2562	7522
2562	7523
2562	2761
2563	7524
2563	7525
2563	7526
2563	7527
2563	3573
2564	7528
2564	4551
2564	7529
2564	7530
2565	2927
2565	7531
2565	7532
2565	7533
2566	7534
2566	7535
2566	7536
2566	7537
2567	7538
2567	6902
2567	7539
2567	7540
2568	2579
2568	5174
2568	3151
2568	7541
2569	5100
2569	1513
2569	5101
2569	190
2570	7542
2570	7543
2570	7544
2570	7545
2571	2712
2571	7546
2571	7547
2571	7548
2572	7549
2572	7550
2572	7551
2573	7552
2573	7553
2573	7554
2574	2591
2574	3325
2574	7555
2575	7556
2575	7557
2575	7558
2576	6469
2576	7559
2576	7560
2577	10
2577	4899
2577	4900
2578	800
2578	1185
2578	5729
2579	5174
2579	3151
2579	2568
2580	7561
2580	7562
2580	7563
2581	3357
2581	7564
2581	2997
2582	7565
2582	7566
2582	7567
2583	7568
2583	7569
2583	7570
2584	7571
2584	7572
2584	7573
2585	7498
2585	7499
2585	2555
2586	7574
2586	776
2586	7575
2587	2656
2587	7576
2588	7577
2588	3127
2589	7578
2589	7579
2590	2626
2590	1442
2591	2574
2591	3325
2592	4550
2592	4579
2593	7580
2593	7581
2594	7582
2594	7583
2595	1309
2595	7584
2596	7585
2596	7586
2597	7587
2597	7588
2598	2686
2598	7589
2599	2671
2599	7590
2600	7591
2600	7592
2601	7593
2601	7594
2602	7595
2602	7596
2603	2981
2603	7597
2604	7598
2604	7599
2605	7600
2605	7601
2606	7602
2606	7603
2607	3606
2607	7604
2608	1326
2608	1486
2609	7605
2609	7606
2610	302
2610	7607
2611	7608
2611	7609
2612	7610
2612	7611
2613	7612
2613	2615
2614	6356
2614	1361
2615	7612
2615	2613
2616	7613
2616	7614
2617	7615
2618	7616
2619	2389
2620	7617
2621	7618
2622	1472
2623	1226
2624	7619
2625	7620
2626	2590
2627	7621
2628	2723
2629	480
2630	4568
2631	7622
2632	7623
2633	4726
2634	7624
2635	7625
2636	2763
2637	7626
2638	4144
2639	4754
2640	1714
2641	7627
2642	53
2643	3032
2644	3762
2645	7628
2646	7629
2647	7630
2648	7631
2649	687
2650	3063
2651	2770
2652	7632
2653	7633
2654	7634
2655	7635
2656	2587
2657	7636
2658	7637
2659	7638
2660	7639
2661	7640
2662	7641
2663	7642
2664	7643
2665	7644
2666	2685
2667	7645
2668	7646
2669	7647
2670	7648
2671	2599
2672	7101
2673	7649
2674	7650
2675	7651
2676	7652
2677	7653
2678	431
2679	2750
2680	1405
2681	2221
2682	2737
2683	7654
2684	7655
2685	2666
2686	2598
2687	7656
2688	7657
2689	7658
2690	7659
2691	371
2692	2727
2693	7660
2694	7661
2695	6554
2696	7662
2697	7663
2698	7664
2699	1588
2700	474
2701	1414
2702	2065
2703	5818
2704	7665
2705	2707
2706	5642
2707	2705
2708	7666
2709	1576
2710	7667
2711	7668
2712	2571
2713	7669
2714	505
2715	2719
2716	332
2717	7670
2718	1212
2719	2715
2720	2853
2721	7671
2722	7672
2723	2628
2724	7673
2725	204
2726	7674
2727	2692
2728	5746
2729	7675
2730	7676
2731	7677
2732	5904
2733	1309
2734	1858
2735	7678
2736	7679
2737	2682
2738	7680
2739	1520
2740	7681
2741	2996
2742	7682
2743	7683
2744	7684
2745	7685
2746	7686
2747	1257
2748	7687
2749	3947
2750	2679
2751	7688
2752	7689
2753	7690
2754	6346
2755	7691
2756	7692
2757	7693
2758	7694
2759	6850
2760	7695
2761	2562
2762	5646
2763	2636
2764	7696
2765	7697
2766	7698
2767	1389
2768	767
2769	7699
2770	2651
2771	7700
2771	7701
2771	7702
2771	7703
2771	7704
2771	7705
2771	7706
2772	2777
2772	7707
2772	2775
2772	7708
2772	7709
2772	2816
2773	93
2773	7710
2773	7711
2773	4265
2773	7712
2774	5080
2774	7713
2774	5081
2774	182
2774	194
2775	2777
2775	2831
2775	2842
2775	2772
2775	7709
2776	7714
2776	7715
2776	7716
2776	7717
2777	2824
2777	2772
2777	2880
2777	2775
2778	4251
2778	7718
2778	7719
2778	6864
2779	7720
2779	7721
2779	6360
2779	7722
2780	4871
2780	7723
2780	4872
2780	4873
2781	7724
2781	7725
2781	7726
2781	7727
2782	4387
2782	4394
2782	4395
2782	7728
2783	7729
2783	7730
2783	5788
2783	7731
2784	5919
2784	937
2784	3302
2785	7732
2785	7733
2785	7734
2786	7735
2786	7736
2786	7737
2787	7738
2787	7739
2787	2812
2788	7740
2788	7741
2788	7742
2789	7743
2789	7744
2789	7745
2790	3987
2790	7746
2790	7747
2791	7748
2791	2881
2791	7749
2792	4388
2792	4398
2793	7750
2793	3756
2794	7751
2794	7752
2795	1327
2795	7753
2796	32
2796	4947
2797	7754
2797	7755
2798	7756
2798	7757
2799	513
2799	7758
2800	2848
2800	7759
2801	7331
2801	7760
2802	2834
2802	2918
2803	7761
2803	7762
2804	7763
2804	7764
2805	7765
2805	7275
2806	7766
2806	7767
2807	7768
2807	7769
2808	7770
2808	6150
2809	7771
2809	7772
2810	2820
2810	2896
2811	2926
2811	7773
2812	2787
2812	7774
2813	7775
2813	7776
2814	7777
2814	7778
2815	7779
2815	7780
2816	2772
2816	7781
2817	7782
2817	7783
2818	7784
2819	7785
2820	2810
2821	4442
2822	2850
2823	7786
2824	2777
2825	2898
2826	7787
2827	2877
2828	7788
2829	7789
2830	7790
2831	2775
2832	7791
2833	7792
2834	2802
2835	7793
2836	7794
2837	7795
2838	7796
2839	2922
2840	7797
2841	6440
2842	2775
2843	7798
2844	7799
2845	7051
2846	7800
2847	7801
2848	2800
2849	7802
2850	2822
2851	7803
2852	2905
2853	2720
2854	7804
2855	7805
2856	7806
2857	7807
2858	7808
2859	7809
2860	7781
2861	7810
2862	7811
2863	2888
2864	3950
2865	7812
2866	7813
2867	7814
2868	7815
2869	7816
2870	7817
2871	7818
2872	7819
2873	6327
2874	7789
2875	7820
2876	7821
2877	2827
2878	7822
2879	7823
2880	2777
2881	2791
2882	1349
2883	7824
2884	7825
2885	7826
2886	2897
2887	7827
2888	2863
2889	1805
2890	1522
2891	7828
2892	7829
2893	7830
2894	7831
2895	7832
2896	2810
2897	2886
2898	2825
2899	7833
2900	1816
2901	7834
2902	7835
2903	7836
2904	7837
2905	2852
2906	7838
2907	7839
2908	2554
2909	7840
2910	2146
2911	7841
2912	7842
2913	7843
2914	7781
2915	7844
2916	7845
2917	7846
2918	2802
2919	7847
2920	7848
2921	4502
2922	2839
2923	7849
2924	7850
2925	7851
2926	1510
2926	5030
2926	3552
2926	4766
2926	5899
2926	7852
2926	7853
2926	7854
2926	2811
2926	2928
2926	6467
2926	6468
2926	7773
2927	2565
2927	7855
2927	7856
2927	1530
2927	6522
2927	7857
2927	6523
2927	7858
2927	7533
2928	1510
2928	3552
2928	1563
2928	6487
2928	5899
2928	2926
2928	925
2928	6850
2928	6468
2929	7859
2929	7860
2929	7861
2929	7862
2929	7863
2929	7864
2929	7865
2930	7866
2930	7867
2930	7868
2930	7869
2930	7870
2930	6700
2930	7871
2931	2959
2931	6487
2931	2971
2931	1516
2931	7872
2931	2949
2931	6630
2932	7873
2932	7874
2932	7875
2932	7876
2932	5336
2932	7877
2933	4699
2933	7878
2933	7879
2933	7880
2933	3190
2933	7881
2934	7882
2934	7883
2934	7884
2934	7885
2934	7886
2935	7887
2935	7888
2935	7889
2935	7890
2936	7891
2936	7892
2936	7893
2936	6420
2937	7894
2937	7895
2937	7896
2937	7897
2938	7898
2938	7899
2938	7900
2938	7901
2939	7902
2939	7903
2939	7904
2939	7905
2940	6277
2940	7906
2940	6278
2940	1314
2941	7907
2941	3061
2941	7908
2941	7909
2942	7910
2942	7911
2942	7912
2942	7913
2943	1573
2943	6579
2943	7914
2944	7915
2944	7916
2944	7917
2945	7918
2945	3071
2945	7919
2946	1994
2946	6591
2946	1575
2947	493
2947	5454
2947	7920
2948	7921
2948	3280
2948	7922
2949	1516
2949	6630
2949	2931
2950	3074
2950	7923
2950	3149
2951	7924
2951	434
2951	5332
2952	7925
2952	7926
2952	5822
2953	1568
2953	6574
2953	7927
2954	7928
2954	7929
2954	7930
2955	3107
2955	7931
2955	7932
2956	7933
2956	6637
2956	7934
2957	7935
2957	7936
2957	7937
2958	3100
2958	7938
2959	6630
2959	2931
2960	7939
2960	7940
2961	1549
2961	7941
2962	7942
2962	7943
2963	7944
2963	7945
2964	7946
2964	7947
2965	1554
2965	6559
2966	61
2966	3121
2967	7948
2967	7949
2968	1633
2968	7950
2969	6580
2969	602
2970	80
2970	7951
2971	1703
2971	2931
2972	7952
2972	7953
2973	7316
2973	6074
2974	7954
2974	7955
2975	7956
2975	7957
2976	7958
2976	6899
2977	3561
2977	7959
2978	7960
2978	7961
2979	7962
2979	7963
2980	2070
2980	7128
2981	2603
2981	7597
2982	3022
2982	164
2983	5477
2983	515
2984	7964
2984	7965
2985	7966
2985	3589
2986	7967
2986	5956
2987	7968
2987	7969
2988	7970
2988	7933
2989	7971
2989	7972
2990	7973
2990	7974
2991	7975
2991	7976
2992	7977
2992	7978
2993	205
2993	5378
2994	6872
2994	1865
2995	7979
2995	6630
2996	2741
2996	7980
2997	7564
2997	2581
2998	7981
2998	7982
2999	7983
2999	7984
3000	7985
3001	3025
3002	7986
3003	4020
3004	7987
3005	6630
3006	4764
3007	7988
3008	7989
3009	7990
3010	511
3011	7991
3012	393
3013	7992
3014	7993
3015	7994
3016	7995
3017	7996
3018	3117
3019	7997
3020	7998
3021	4814
3022	2982
3023	7999
3024	5265
3025	3001
3026	8000
3027	8001
3028	8002
3029	6974
3030	8003
3031	3470
3032	2643
3033	1534
3034	4732
3035	8004
3036	8005
3037	8006
3038	475
3039	8007
3040	8008
3041	584
3042	266
3043	3105
3044	5355
3045	8009
3046	8010
3047	8011
3048	4805
3049	7168
3050	8012
3051	4804
3052	8013
3053	8014
3054	8015
3055	8016
3056	8017
3057	3141
3058	1351
3059	6617
3060	8018
3061	2941
3062	8019
3063	2650
3064	6416
3065	5431
3066	4983
3067	8020
3068	8021
3069	4114
3070	8022
3071	2945
3072	8023
3073	1807
3074	2950
3075	8024
3076	8025
3077	3090
3078	4825
3079	2333
3080	8026
3081	8027
3082	8028
3083	8029
3084	8030
3085	6601
3086	1994
3087	8031
3088	8032
3089	7908
3090	3077
3091	8033
3092	7974
3093	4601
3094	8034
3095	8035
3096	8036
3097	8037
3098	8038
3099	3132
3100	2958
3101	5899
3102	1321
3103	1572
3104	8039
3105	3043
3106	8040
3107	2955
3108	8041
3109	1316
3110	8042
3111	8043
3112	7907
3113	8044
3114	8045
3115	8046
3116	8047
3117	3018
3118	3571
3119	8048
3120	8049
3121	2966
3122	3837
3123	8050
3124	8051
3125	1637
3126	8052
3127	2588
3128	8053
3129	2421
3130	1331
3131	8054
3132	3099
3133	8055
3134	8056
3135	8057
3136	3140
3137	75
3138	906
3139	8058
3140	3136
3141	3057
3142	8059
3143	8060
3143	844
3143	3261
3143	8061
3143	8062
3143	8063
3143	8064
3143	8065
3143	8066
3144	8067
3144	8068
3144	8069
3144	6035
3144	8070
3144	8071
3144	8072
3144	8073
3145	8074
3145	8075
3145	8076
3145	8077
3145	8078
3145	8079
3145	3197
3146	8080
3146	6610
3146	8081
3146	6611
3146	8082
3146	8083
3147	8084
3147	8085
3147	3807
3147	8086
3147	8087
3147	1757
3148	5030
3148	6774
3148	1815
3148	1509
3148	2338
3148	6775
3149	6617
3149	8088
3149	2950
3149	6618
3149	8089
3149	8090
3150	8091
3150	4776
3150	906
3150	1912
3150	167
3151	230
3151	2579
3151	5174
3151	2568
3151	7541
3152	8092
3152	8093
3152	8094
3152	3267
3153	6532
3153	1425
3153	2357
3153	871
3154	5534
3154	8095
3154	8096
3154	8097
3155	5334
3155	8098
3155	5480
3155	517
3156	8099
3156	8100
3156	8101
3156	8102
3157	3341
3157	818
3157	5764
3157	8103
3158	6530
3158	1538
3158	6531
3159	8104
3159	8105
3159	8106
3160	8107
3160	5875
3160	5876
3161	8108
3161	8109
3161	8110
3162	1315
3162	6279
3162	8111
3163	8112
3163	8113
3163	8114
3164	8115
3164	8116
3164	8117
3165	8118
3165	7627
3165	8119
3166	3336
3166	1383
3166	8120
3167	8121
3167	8122
3167	8123
3168	7752
3168	8124
3168	8125
3169	8126
3169	8127
3169	8128
3170	8129
3170	8130
3171	8131
3171	1520
3172	945
3172	1548
3173	8132
3173	8133
3174	3
3174	4878
3175	6537
3175	8134
3176	33
3176	4948
3177	8135
3177	8136
3178	1525
3178	8137
3179	8138
3179	8139
3180	8140
3180	8141
3181	3336
3181	1325
3182	8142
3182	3183
3183	8142
3183	3182
3184	407
3184	3305
3185	8143
3185	8144
3186	1974
3186	8145
3187	8120
3187	5332
3188	8146
3188	8147
3189	3275
3189	8148
3190	2933
3190	8149
3191	8150
3191	8151
3192	8152
3192	8153
3193	8154
3193	8155
3194	2425
3194	8156
3195	4280
3195	8157
3196	8158
3196	8159
3197	8160
3197	3145
3198	8161
3198	8162
3199	8163
3199	7432
3200	8164
3200	895
3201	8165
3202	8166
3203	7035
3204	8167
3205	8168
3206	8169
3207	8170
3208	8171
3209	8172
3210	77
3211	3246
3212	8173
3213	8174
3214	8175
3215	8063
3216	1644
3217	8176
3218	8177
3219	1754
3220	1616
3221	8178
3222	8179
3223	3311
3224	8180
3225	8181
3226	8120
3227	3248
3228	1679
3229	8182
3230	3251
3231	8183
3232	8184
3233	8185
3234	73
3235	8186
3236	8187
3237	8188
3238	8189
3239	3974
3240	8190
3241	8191
3242	8192
3243	8193
3244	8194
3245	8195
3246	3211
3247	8196
3248	3227
3249	4892
3250	8197
3251	3230
3252	8198
3253	8199
3254	8200
3255	8201
3256	4441
3257	8202
3258	8203
3259	4339
3260	8201
3261	3143
3262	8204
3263	8205
3264	3647
3265	1565
3266	8206
3267	3152
3268	8207
3269	1660
3270	8208
3271	7918
3272	4721
3273	8209
3274	5332
3275	3189
3276	8210
3277	8211
3278	8212
3279	8213
3280	2948
3281	8214
3282	5582
3283	8215
3284	8216
3285	8217
3286	4993
3287	8218
3288	8219
3289	8220
3290	8221
3291	8222
3292	8223
3293	8224
3294	8225
3295	8226
3296	40
3297	8064
3298	8227
3299	8228
3300	8229
3301	1612
3302	2784
3303	8230
3304	8231
3305	3184
3306	8232
3307	3309
3308	8233
3309	3307
3310	8234
3311	3223
3312	4866
3313	8235
3314	8236
3315	8135
3316	6376
3317	8237
3318	8238
3319	8239
3320	8240
3321	7060
3322	5087
3322	8241
3322	6934
3322	1837
3322	185
3322	3333
3322	186
3322	7183
3323	3442
3323	6777
3323	4407
3323	3393
3323	1816
3324	8242
3324	4721
3324	6734
3324	828
3324	8243
3325	2574
3325	293
3325	2591
3325	8244
3325	7555
3326	8245
3326	6461
3326	6463
3326	1509
3327	5758
3327	8246
3327	8247
3327	8248
3328	6822
3328	6823
3328	8249
3328	1832
3329	8250
3329	8251
3329	8252
3329	5472
3330	8253
3330	5098
3330	8254
3330	8255
3331	8256
3331	8257
3331	8258
3331	8259
3332	8260
3332	8261
3332	8262
3332	6504
3333	6934
3333	245
3333	185
3333	3322
3334	8263
3334	8264
3334	8265
3335	37
3335	4955
3335	8266
3336	3181
3336	8267
3336	3166
3337	330
3337	6992
3337	8268
3338	8269
3338	4973
3338	5376
3339	8270
3339	8271
3339	1963
3340	8272
3340	7703
3340	8273
3341	3157
3341	8274
3341	5764
3342	8085
3342	8087
3342	8275
3343	8276
3343	8277
3343	8278
3344	4388
3344	4398
3344	8279
3345	8280
3345	8281
3345	8282
3346	8283
3346	8284
3346	8285
3347	8286
3347	6490
3347	8287
3348	2024
3348	609
3348	7070
3349	8288
3349	8289
3349	8290
3350	6593
3350	8291
3350	1584
3351	8292
3351	8293
3351	8294
3352	8295
3352	8296
3352	6304
3353	5490
3353	4011
3353	525
3354	284
3354	19
3354	4923
3355	540
3355	5741
3355	5401
3356	8297
3356	8103
3357	7564
3357	2581
3358	3802
3358	4330
3359	8298
3359	8299
3360	8300
3360	8301
3361	8302
3361	1816
3362	8303
3362	8304
3363	8305
3363	8306
3364	8307
3364	6997
3365	8308
3365	8309
3366	8310
3366	8272
3367	8311
3367	8312
3368	8313
3368	8314
3369	8315
3369	8316
3370	8317
3370	8318
3371	8319
3371	8320
3372	8321
3372	8322
3373	8323
3373	8324
3374	211
3374	8325
3375	8326
3375	4098
3376	978
3376	8327
3377	1343
3377	6330
3378	6934
3378	8328
3379	8329
3379	8330
3380	8331
3380	8332
3381	6389
3381	8333
3382	199
3382	8334
3383	8335
3383	8336
3384	6295
3384	1322
3385	8337
3385	8338
3386	8339
3386	8340
3387	8341
3387	8342
3388	249
3388	5155
3389	8343
3389	8344
3390	8345
3390	5264
3391	2190
3391	5542
3392	8346
3392	8347
3393	3323
3393	1816
3394	8348
3394	690
3395	1064
3396	8349
3397	8168
3398	182
3399	1934
3400	3438
3401	3429
3402	8350
3403	8351
3404	8352
3405	6264
3406	8353
3407	7206
3408	307
3409	8354
3410	8355
3411	8356
3412	8357
3413	326
3414	4359
3415	8358
3416	4401
3417	8359
3418	8360
3419	8361
3420	2311
3421	8362
3422	8363
3423	8364
3424	333
3425	8365
3426	4973
3427	1743
3428	3462
3429	3401
3430	8366
3431	3508
3432	7443
3433	3467
3434	2347
3435	8367
3436	8368
3437	8369
3438	3400
3439	8370
3440	4695
3441	3529
3442	3323
3443	3540
3444	8371
3445	401
3446	8372
3447	7264
3448	8373
3449	8374
3450	1422
3451	8375
3452	2088
3453	6721
3454	8376
3455	8377
3456	8378
3457	4414
3458	8379
3459	8380
3460	8381
3461	8382
3462	3428
3463	1810
3464	8383
3465	317
3466	8384
3467	3433
3468	8385
3469	8269
3470	3031
3471	8386
3472	8387
3473	3522
3474	8388
3475	8389
3476	4301
3477	1129
3478	887
3479	8390
3480	7809
3481	8391
3482	8392
3483	5539
3484	8393
3485	8394
3486	3495
3487	8395
3488	8396
3489	8397
3490	1463
3491	289
3492	8398
3493	8399
3494	8400
3495	3486
3496	8401
3497	8402
3498	8403
3499	8404
3500	8405
3501	3525
3502	8406
3503	8407
3504	4419
3505	1658
3506	394
3507	8408
3508	3431
3509	8409
3510	8410
3511	8411
3512	8412
3513	8413
3514	8355
3515	8414
3516	8415
3517	8416
3518	8417
3519	8418
3520	8419
3521	8420
3522	3473
3523	8421
3524	8422
3525	3501
3526	8423
3527	8424
3528	3859
3529	3441
3530	8425
3531	4426
3532	1512
3533	8426
3534	7843
3535	5008
3536	8427
3537	3547
3538	854
3539	8428
3540	3443
3541	8429
3542	8430
3543	805
3544	901
3545	8431
3546	8432
3547	3537
3548	8433
3549	529
3550	580
3550	4088
3550	8434
3550	234
3550	5298
3550	8435
3550	2347
3550	1992
3551	5859
3551	3697
3551	8436
3551	5871
3551	909
3551	8437
3552	1510
3552	5899
3552	2926
3552	2928
3552	5726
3552	6468
3553	8438
3553	3661
3553	4541
3553	8439
3553	8440
3553	8441
3554	8442
3554	8443
3554	3938
3554	8444
3554	8445
3555	3579
3555	8446
3555	3747
3555	8447
3555	2009
3556	8448
3556	8449
3556	7402
3556	2393
3556	8450
3557	938
3557	8451
3557	8452
3557	8453
3557	2306
3558	2011
3558	1986
3558	5866
3558	911
3558	5895
3559	6518
3559	1529
3559	6519
3559	7539
3560	8454
3560	8455
3560	8456
3560	1971
3561	2977
3561	8457
3561	3592
3561	5360
3562	6820
3562	2560
3562	923
3562	3681
3563	1390
3563	8458
3563	8459
3563	8065
3564	8460
3564	8461
3564	8462
3564	8463
3565	8464
3565	3677
3565	8465
3565	8466
3566	8467
3566	3973
3566	445
3566	5366
3567	8468
3567	8469
3567	8470
3568	7292
3568	8471
3568	514
3569	8472
3569	8473
3569	8474
3570	1323
3570	6297
3570	6298
3571	8475
3571	3118
3571	8476
3572	2029
3572	4171
3572	8477
3573	2563
3573	8478
3573	8479
3574	8480
3574	8481
3574	8482
3575	3637
3575	3701
3575	8483
3576	3692
3576	8484
3577	8485
3577	8486
3578	8487
3578	8488
3579	3555
3579	2009
3580	8489
3580	8490
3581	6682
3581	8491
3582	8492
3582	8493
3583	1893
3583	8494
3584	8495
3584	8496
3585	8497
3585	8498
3586	8499
3586	8500
3587	8501
3587	8502
3588	4716
3588	4725
3589	2985
3589	8503
3590	8504
3590	8505
3591	3726
3591	8506
3592	3561
3592	8507
3593	3608
3593	8508
3594	1031
3594	8509
3595	8510
3595	8511
3596	8512
3596	8513
3597	2037
3597	7085
3598	8514
3598	8515
3599	8516
3599	8517
3600	6327
3600	1341
3601	8518
3601	227
3602	8519
3602	8520
3603	8521
3603	8522
3604	8523
3604	1155
3605	8524
3605	3763
3606	2607
3606	7604
3607	8525
3607	8526
3608	3593
3608	8527
3609	7139
3609	8528
3610	8529
3610	4402
3611	8530
3611	8454
3612	5408
3613	8531
3614	5515
3615	8532
3616	8533
3617	8534
3618	8535
3619	8536
3620	8537
3621	3723
3622	8538
3623	1579
3624	8539
3625	8540
3626	3675
3627	8541
3628	8542
3629	8543
3630	8544
3631	8545
3632	3760
3633	8546
3634	1971
3635	2278
3636	8547
3637	3575
3638	3745
3639	8548
3640	8549
3641	8550
3642	8551
3643	8552
3644	7116
3645	8553
3646	8554
3647	3264
3648	3768
3649	8555
3650	8556
3651	8557
3652	8558
3653	3734
3654	2248
3655	8559
3656	8560
3657	8561
3658	8562
3659	3743
3660	6054
3661	3553
3662	7550
3663	8563
3664	3708
3665	8564
3666	8565
3667	3699
3668	8566
3669	8567
3670	8568
3671	8569
3672	8570
3673	3751
3674	8571
3675	3626
3676	8572
3677	3565
3678	8573
3679	8574
3680	8575
3681	3562
3682	8576
3683	8577
3684	4508
3685	8578
3686	8579
3687	8580
3688	8581
3689	8582
3690	8583
3691	8584
3692	3576
3693	8585
3694	3752
3695	8586
3696	8587
3697	3551
3698	8588
3699	3667
3700	8589
3701	3575
3702	8590
3703	8591
3704	8592
3705	8593
3706	8594
3707	8595
3708	3664
3709	8596
3710	8597
3711	4082
3712	8598
3713	8599
3714	8600
3715	8601
3716	8602
3717	8603
3718	3733
3719	8604
3720	8605
3721	1287
3722	8606
3723	3621
3724	8607
3725	8608
3726	3591
3727	8609
3728	8610
3729	8611
3730	8612
3731	8613
3732	6859
3733	3718
3734	3653
3735	3786
3736	8614
3737	8615
3738	4568
3739	8616
3740	8617
3741	8618
3742	8619
3743	3659
3744	8620
3745	3638
3746	8621
3747	3555
3748	8622
3749	1331
3750	8623
3751	3673
3752	3694
3753	3791
3754	8624
3755	8455
3756	2793
3757	8625
3758	8444
3759	8626
3760	3632
3761	8627
3762	2644
3763	3605
3764	8628
3765	8629
3766	8630
3767	4081
3768	3648
3769	8631
3770	8632
3771	8633
3772	8634
3773	8635
3774	8636
3775	8550
3776	5738
3777	8637
3778	8638
3779	8639
3780	7318
3781	7537
3782	6441
3783	8640
3784	8641
3785	8642
3786	3735
3787	8531
3788	8643
3789	8644
3790	8645
3791	3753
3792	8646
3793	8647
3794	5601
3795	8547
3796	8648
3796	8649
3796	8650
3796	8651
3796	8652
3796	8653
3796	8654
3796	8655
3796	8656
3796	8657
3797	3942
3797	7336
3797	8658
3797	2388
3797	5686
3797	5687
3797	7337
3797	2348
3798	2454
3798	6115
3798	1202
3798	8659
3798	5483
3798	8660
3799	3801
3799	7493
3799	7494
3799	7496
3799	2554
3800	8661
3800	8662
3800	8663
3800	8664
3800	7477
3801	8665
3801	3799
3801	8666
3801	2554
3802	3358
3802	5683
3802	8667
3802	8668
3803	1982
3803	6996
3803	8669
3803	6997
3804	8670
3804	8671
3804	8672
3804	8673
3805	921
3805	8674
3805	1773
3805	5891
3806	6143
3806	1193
3806	6144
3807	8085
3807	3147
3807	8087
3808	8675
3808	8676
3808	8677
3809	3831
3809	8678
3810	3861
3810	8679
3811	8680
3811	8681
3812	3865
3812	3924
3813	429
3813	8682
3814	8683
3814	8684
3815	8685
3815	8686
3816	7380
3816	2379
3817	8687
3817	678
3818	8688
3818	8689
3819	8690
3819	8691
3820	8692
3820	8693
3821	8694
3821	8695
3822	8696
3822	3835
3823	8697
3823	8698
3824	8699
3824	8700
3825	8701
3825	8702
3826	8703
3826	8704
3827	8705
3827	8706
3828	5483
3829	8707
3830	8708
3831	3809
3832	8709
3833	8710
3834	2346
3835	3822
3836	8711
3837	3122
3838	8712
3839	8713
3840	8714
3841	8715
3842	8716
3843	1307
3844	8717
3845	8718
3846	7688
3847	8719
3848	8720
3849	8721
3850	8722
3851	8723
3852	8724
3853	76
3854	8725
3855	8726
3856	8727
3857	8728
3858	6103
3859	3528
3860	8729
3861	3810
3862	8730
3863	3871
3864	8414
3865	3812
3866	8731
3867	8732
3868	8733
3869	2433
3870	8734
3871	3863
3872	737
3873	8735
3874	8736
3875	8737
3876	8738
3877	7486
3878	126
3879	3905
3880	2487
3881	8739
3882	8740
3883	8741
3884	8742
3885	8743
3886	4467
3887	8744
3888	3915
3889	7390
3890	8745
3891	8746
3892	8747
3893	8748
3894	5121
3895	3902
3896	8749
3897	8750
3898	1232
3899	8751
3900	8752
3901	8753
3902	3895
3903	8061
3904	8754
3905	3879
3906	8755
3907	8756
3908	8757
3909	1493
3910	5956
3911	88
3912	8153
3913	8750
3914	8758
3915	3888
3916	8759
3917	4388
3918	8760
3919	8761
3920	8762
3921	8763
3922	3929
3923	1266
3924	3812
3925	8764
3926	6899
3927	8765
3928	8766
3929	3922
3930	8767
3931	8768
3932	8769
3933	8770
3934	8771
3935	1185
3936	8772
3937	8773
3937	8774
3937	8775
3937	8776
3937	8777
3937	8778
3937	8779
3937	8780
3938	3554
3938	7721
3938	8443
3938	6360
3938	7722
3938	8781
3938	3939
3939	8442
3939	8782
3939	8783
3939	8443
3939	3938
3939	8784
3939	8785
3940	8786
3940	8787
3940	8788
3940	8789
3940	8790
3940	8791
3940	8792
3941	5839
3941	5840
3941	8793
3941	5842
3941	8794
3941	905
3941	5846
3942	7336
3942	8658
3942	5687
3942	3797
3942	8795
3942	8796
3943	3963
3943	8797
3943	8798
3943	8799
3943	8800
3944	8801
3944	8802
3944	8803
3944	8804
3944	8805
3945	4054
3945	3956
3945	4631
3945	7089
3946	8806
3946	7277
3946	8807
3946	8808
3947	3964
3947	2749
3947	8809
3947	8810
3948	7088
3948	8811
3948	8812
3948	8813
3949	1814
3949	8814
3949	8815
3949	6763
3950	8816
3950	2864
3950	7870
3951	4533
3951	8817
3951	4105
3952	8818
3952	7088
3952	8819
3953	8820
3953	3993
3953	5871
3954	5340
3954	5342
3954	8821
3955	5451
3955	491
3955	4180
3956	3945
3956	4217
3956	6522
3957	8822
3957	8823
3957	8824
3958	8825
3958	8826
3958	5365
3959	8827
3959	8828
3959	8829
3960	8830
3960	8831
3960	8832
3961	8833
3961	8834
3961	8835
3962	8836
3962	8837
3962	8838
3963	8839
3963	3943
3963	5397
3964	3947
3964	1296
3964	8840
3965	8190
3965	8841
3965	8842
3966	2432
3966	4455
3966	8843
3967	8844
3967	8845
3967	4167
3968	8846
3968	8847
3968	8848
3969	8849
3969	4552
3969	8850
3970	8851
3970	8852
3970	8853
3971	3977
3971	7506
3971	2557
3972	8854
3972	8855
3972	8856
3973	8857
3973	445
3973	3566
3974	816
3974	3239
3974	8858
3975	8859
3975	8860
3975	8861
3976	8862
3976	8863
3977	3971
3977	8864
3978	8865
3978	8866
3979	4194
3979	8867
3980	8868
3980	8869
3981	7101
3981	4606
3982	8782
3982	8443
3983	4101
3983	8870
3984	8871
3984	8872
3985	8873
3985	8874
3986	8875
3986	8876
3987	8877
3987	2790
3988	4070
3988	8878
3989	8879
3989	8880
3990	8849
3990	4532
3991	656
3991	528
3992	8881
3992	8882
3993	3953
3993	8883
3994	8884
3994	8885
3995	8886
3995	8887
3996	8888
3996	8889
3997	1362
3997	6357
3998	8890
3998	6800
3999	4972
3999	48
4000	4533
4000	8891
4001	6729
4001	8892
4002	8893
4002	8894
4003	8895
4003	1802
4004	8896
4004	8897
4005	8898
4005	4008
4006	8899
4006	8900
4007	8901
4007	8902
4008	8898
4008	4005
4009	8903
4009	5601
4010	8904
4010	4123
4011	5490
4011	3353
4012	4121
4012	8905
4013	484
4013	6104
4014	8906
4014	8907
4015	8908
4015	8909
4016	8910
4016	8911
4017	8912
4017	4231
4018	8913
4018	8914
4019	8915
4019	8916
4020	3003
4020	8917
4021	8918
4021	8919
4022	8527
4022	4181
4023	8920
4023	8921
4024	8922
4024	8923
4025	279
4025	8924
4026	6338
4026	8925
4027	8926
4027	8927
4028	4078
4028	8928
4029	4100
4030	8929
4031	8930
4032	4345
4033	8931
4034	8932
4035	8933
4036	4046
4037	8934
4038	1396
4039	425
4040	8935
4041	8936
4042	4165
4043	8937
4044	7307
4045	8938
4046	4036
4047	8939
4048	4160
4049	8940
4050	8941
4051	8942
4052	4557
4053	105
4054	3945
4055	4174
4056	8943
4057	5864
4058	8944
4059	8945
4060	8946
4061	6814
4062	8947
4063	8948
4064	8949
4065	8950
4066	8951
4067	4169
4068	4690
4069	4116
4070	3988
4071	8952
4072	8953
4073	8954
4074	4148
4075	8955
4076	8956
4077	8957
4078	4028
4079	8958
4080	8959
4081	3767
4082	3711
4083	8960
4084	8961
4085	8962
4086	8963
4087	8964
4088	3550
4089	8965
4090	8966
4091	8967
4092	8968
4093	8969
4094	8970
4095	8971
4096	8972
4097	1780
4098	3375
4099	8973
4100	4029
4101	3983
4102	8974
4103	8975
4104	8976
4105	3951
4106	4226
4107	8977
4108	8978
4109	8979
4110	8980
4111	8981
4112	8982
4113	8983
4114	3069
4115	8984
4116	4069
4117	4159
4118	8985
4119	8986
4120	8987
4121	4012
4122	8988
4123	4010
4124	8989
4125	8990
4126	8991
4127	2048
4128	8992
4129	8796
4130	8993
4131	8994
4132	8995
4133	8996
4134	8997
4135	4616
4136	8998
4137	4701
4138	8999
4139	9000
4140	9001
4141	9002
4142	4177
4143	9003
4144	2638
4145	9004
4146	9005
4147	9006
4148	4074
4149	101
4150	9007
4151	9008
4152	9009
4153	9010
4154	9011
4155	9012
4156	9013
4157	9014
4158	9015
4159	4117
4160	4048
4161	9016
4162	9017
4163	9018
4164	9019
4165	4042
4166	9020
4167	3967
4168	9021
4169	4067
4170	9022
4171	3572
4172	524
4173	9023
4174	4055
4175	9024
4176	9025
4177	4142
4178	9026
4179	9027
4180	3955
4181	4022
4182	9028
4183	9029
4184	9030
4185	9031
4186	6992
4187	9032
4188	9033
4189	9034
4190	9035
4191	1309
4192	9036
4193	4199
4194	3979
4195	9037
4196	9038
4197	9039
4198	9040
4199	4193
4200	9041
4201	9042
4202	9043
4203	9044
4204	4729
4205	9045
4206	9046
4207	9047
4208	4236
4209	9048
4210	4551
4211	9049
4212	1666
4213	9050
4214	8886
4215	9051
4216	4537
4217	3956
4218	9052
4219	9053
4220	9054
4221	7353
4222	9055
4223	9056
4224	9057
4225	9058
4226	4106
4227	9059
4228	8784
4229	4244
4230	9060
4231	4017
4232	9061
4233	9062
4234	9063
4235	9064
4236	4208
4237	9065
4238	9066
4239	9067
4240	9068
4241	9069
4242	4567
4243	2085
4244	4229
4245	9070
4246	9071
4247	9072
4248	9073
4249	1509
4250	9074
4250	9075
4250	9076
4250	9077
4251	2778
4251	7718
4251	7719
4251	6864
4252	6203
4252	4881
4252	9078
4253	4256
4253	9079
4254	9080
4254	9081
4255	2442
4256	4253
4257	9082
4258	9083
4259	9084
4260	9085
4261	9086
4262	9087
4263	9088
4264	9089
4265	8115
4265	2773
4265	7711
4265	8116
4265	9090
4265	9091
4266	9092
4266	9093
4266	9094
4266	9095
4266	1761
4267	7568
4267	9096
4267	9097
4267	7569
4267	7570
4268	4340
4268	9098
4268	9099
4268	9100
4268	9101
4269	9102
4269	9103
4269	9104
4269	9105
4270	9106
4270	9107
4270	9108
4270	9109
4271	9110
4271	7959
4271	9111
4271	9112
4272	1186
4272	9113
4272	1201
4273	1508
4273	6458
4273	9114
4274	9115
4274	9116
4275	9117
4275	9118
4276	9119
4276	9120
4277	9121
4277	9122
4278	9123
4278	2499
4279	9124
4279	2350
4280	9125
4280	3195
4281	9126
4281	9127
4282	9128
4282	9129
4283	9130
4283	9131
4284	9132
4284	2517
4285	7064
4285	7065
4286	9133
4286	5378
4287	6165
4287	6166
4288	4377
4288	9134
4289	1387
4289	7635
4290	9135
4290	9136
4291	6457
4291	9137
4292	9138
4293	9139
4294	9140
4295	9141
4296	9142
4297	9143
4298	2422
4299	84
4300	9144
4301	3476
4302	2549
4303	4404
4304	8087
4305	9145
4306	2275
4307	9146
4308	9147
4309	9148
4310	9149
4311	4321
4312	9150
4313	7868
4314	9151
4315	9152
4316	2395
4317	4352
4318	9153
4319	1399
4320	9003
4321	4311
4322	9154
4323	2541
4324	9155
4325	9156
4326	9157
4327	9158
4328	2265
4329	2528
4330	3358
4331	9159
4332	9160
4333	9161
4334	9162
4335	7576
4336	4347
4337	9163
4338	9164
4339	3259
4340	4268
4341	9165
4342	9166
4343	9167
4344	9168
4345	4032
4346	7827
4347	4336
4348	4363
4349	7222
4350	9169
4351	2536
4352	4317
4353	259
4354	9170
4355	4838
4356	9171
4357	9172
4358	4383
4359	3414
4360	9173
4361	1194
4362	9174
4363	4348
4364	9175
4365	1256
4366	9176
4367	9177
4368	9178
4369	9179
4370	8063
4371	2488
4372	9180
4373	9181
4374	4380
4375	9182
4376	9183
4377	4288
4378	9184
4379	9185
4380	4374
4381	9186
4382	9187
4383	4358
4384	9188
4385	5838
4385	9189
4385	8774
4385	5840
4385	9190
4385	9041
4385	5841
4385	9191
4385	5843
4385	905
4385	5844
4385	9192
4385	9193
4385	9194
4386	9195
4386	9196
4386	9197
4386	9198
4386	4836
4386	5156
4386	5157
4386	9199
4387	4446
4387	4401
4387	4428
4387	4394
4387	4395
4387	2782
4387	9200
4388	2792
4388	8279
4388	3344
4388	9201
4388	3917
4389	9202
4389	9203
4389	1312
4389	9204
4390	9205
4390	4395
4390	9206
4390	4396
4391	9207
4391	9208
4391	4489
4391	9209
4392	9210
4392	9211
4392	9212
4392	9213
4393	9214
4393	9215
4393	9216
4393	9217
4394	4387
4394	4428
4394	2782
4394	4396
4395	4387
4395	4390
4395	9205
4395	2782
4396	4390
4396	4657
4396	4394
4396	7728
4397	9218
4397	9219
4397	9220
4398	2792
4398	3344
4398	4515
4399	4407
4399	9221
4399	9222
4400	9223
4400	9224
4400	9225
4401	4387
4401	3416
4401	9226
4402	9227
4402	6420
4402	3610
4403	9228
4403	9229
4403	9230
4404	4303
4404	9231
4404	9232
4405	9233
4405	9234
4405	9235
4406	9236
4406	4892
4406	9237
4407	3323
4407	9238
4407	4399
4408	9239
4408	9240
4408	9241
4409	1559
4409	9242
4409	9243
4410	9244
4410	9245
4411	6540
4411	1498
4412	9246
4412	9247
4413	2007
4413	7050
4414	3457
4414	256
4415	9248
4415	9249
4416	9250
4416	4506
4417	9251
4417	9252
4418	9253
4418	1992
4419	1327
4419	3504
4420	9254
4420	9255
4421	9256
4421	4424
4422	9257
4422	9258
4423	9259
4423	9260
4424	9261
4424	4421
4425	9262
4425	9263
4426	349
4426	3531
4427	198
4427	9264
4428	4387
4428	4394
4429	7266
4429	4553
4430	2416
4430	9265
4431	9266
4431	8303
4432	9267
4432	9268
4433	1511
4433	9269
4434	1827
4434	6809
4435	9270
4435	9271
4436	9272
4437	9273
4438	9274
4439	9275
4440	136
4441	3256
4442	2821
4443	9276
4444	9277
4445	9278
4446	4387
4447	9279
4448	9280
4449	9281
4450	9282
4451	9283
4452	9284
4453	9285
4454	9286
4455	3966
4456	9287
4457	5597
4458	6334
4459	9288
4460	9289
4461	9290
4462	9291
4463	9292
4464	9293
4465	9294
4466	9295
4467	3886
4468	9296
4469	9297
4470	9298
4471	8466
4472	9299
4473	9300
4474	9301
4475	9302
4476	9303
4477	6304
4478	9304
4479	9305
4480	9306
4481	1561
4482	9307
4483	4516
4484	9308
4485	9309
4486	4497
4487	9310
4488	9311
4489	4391
4490	9312
4491	1411
4492	9313
4493	9314
4494	9315
4495	9316
4496	9317
4497	4486
4498	9318
4499	8701
4500	9319
4501	9320
4502	2921
4503	9321
4504	9322
4505	5687
4506	4416
4507	9323
4508	3684
4509	9324
4510	294
4511	9325
4512	9326
4513	9327
4514	9328
4515	4398
4516	4483
4517	459
4518	9329
4519	9330
4520	9331
4521	9332
4522	2514
4523	9333
4524	9334
4525	9335
4526	9336
4526	9337
4527	9338
4528	9339
4529	9340
4529	9341
4529	9342
4529	9343
4529	4582
4529	9344
4529	9345
4529	4693
4530	5682
4530	790
4530	789
4530	5676
4530	5678
4530	5679
4530	5681
4531	9346
4531	9347
4531	9348
4531	9349
4531	9350
4531	9351
4532	9352
4532	4559
4532	4546
4532	3990
4532	9353
4532	8849
4533	3951
4533	9354
4533	4000
4533	9355
4533	8891
4534	4549
4534	9356
4534	6310
4534	9062
4534	9357
4535	9358
4535	4611
4535	9359
4535	9360
4535	9361
4536	8862
4536	9362
4536	4702
4536	5678
4536	9363
4537	613
4537	4216
4537	4684
4537	9364
4537	9365
4538	9366
4538	9367
4538	9368
4538	9369
4539	9370
4539	9371
4539	9372
4539	9373
4540	9374
4540	4550
4540	4579
4540	2555
4541	9375
4541	9376
4541	3553
4541	9377
4542	9378
4542	9379
4542	9380
4542	9381
4543	9352
4543	9382
4543	9383
4543	9384
4544	4548
4544	9385
4544	8799
4545	9386
4545	9387
4545	9388
4546	9353
4546	4552
4546	4532
4547	1536
4547	4845
4547	9389
4548	4544
4548	9390
4548	9391
4549	6308
4549	4534
4549	9062
4550	2592
4550	4540
4550	2555
4551	2564
4551	9392
4551	4210
4552	9393
4552	4546
4552	3969
4553	9394
4553	4429
4553	7266
4554	9395
4554	9396
4554	940
4555	9397
4555	6309
4555	6310
4556	9398
4556	7259
4556	9399
4557	4052
4557	5847
4558	4622
4558	4573
4559	9400
4559	4532
4560	9401
4560	4569
4561	9402
4561	9403
4562	9404
4562	9405
4563	9406
4563	4619
4564	9407
4564	9408
4565	5382
4565	5383
4566	9409
4566	9410
4567	9411
4567	4242
4568	2630
4568	3738
4569	4560
4569	9401
4570	9412
4570	9413
4571	9414
4571	9415
4572	2560
4572	9416
4573	4558
4573	9353
4574	9417
4574	9418
4575	9419
4575	9420
4576	9421
4576	9422
4577	9423
4577	9424
4578	9425
4578	9426
4579	2592
4579	4540
4580	9427
4580	9428
4581	7497
4581	2555
4582	9340
4582	4529
4583	9429
4583	9430
4584	9431
4585	4665
4586	4672
4587	8846
4588	762
4589	4687
4590	2213
4591	9432
4592	9433
4593	9434
4594	8823
4595	9435
4596	9436
4597	9437
4598	9438
4599	9439
4600	1468
4601	3093
4602	9440
4603	9441
4604	9442
4605	9443
4606	3981
4607	9444
4608	9445
4609	2281
4610	747
4611	4535
4612	423
4613	9446
4614	9447
4615	9448
4616	4135
4617	9449
4618	9450
4619	4563
4620	9451
4621	4658
4622	4558
4623	9452
4624	9453
4625	9454
4626	9455
4627	4633
4628	9456
4629	9016
4630	9457
4631	3945
4632	6092
4633	4627
4634	5446
4635	9458
4636	7689
4637	9459
4638	9393
4639	9460
4640	9461
4641	9462
4642	9463
4643	9464
4644	9465
4645	9466
4646	9467
4647	9468
4648	9469
4649	2178
4650	9470
4651	9471
4652	9472
4653	9473
4654	9474
4655	5456
4656	9475
4657	4396
4658	4621
4659	9476
4660	4800
4661	9062
4662	9477
4663	9478
4664	9479
4665	4585
4666	2376
4667	9480
4668	8824
4669	9481
4670	8867
4671	9482
4672	4586
4673	9483
4674	9484
4675	6549
4676	9485
4677	9486
4678	9487
4679	9488
4680	9489
4681	9490
4682	8824
4683	1899
4684	4537
4685	6246
4686	9491
4687	4589
4688	9492
4689	9020
4690	4068
4691	9493
4692	9494
4693	4529
4694	1089
4695	3440
4696	6052
4697	1152
4698	9495
4698	4778
4698	4718
4698	4703
4698	7510
4698	2558
4698	4705
4698	9496
4698	7511
4699	2933
4699	7879
4699	6502
4699	6503
4699	1594
4699	9497
4700	7907
4700	4742
4700	7908
4700	8026
4700	9498
4700	9499
4701	9500
4701	1980
4701	9501
4701	6991
4701	4137
4701	6992
4702	9502
4702	9503
4702	8862
4702	4536
4702	9363
4702	9504
4703	4698
4703	4735
4703	4738
4703	9505
4703	2558
4703	4705
4704	9506
4704	6802
4704	9507
4704	1824
4704	1825
4704	9508
4705	4698
4705	9509
4705	4703
4705	7510
4705	2558
4705	7511
4706	9510
4706	4802
4706	442
4706	5354
4706	5355
4706	5356
4707	9511
4707	8239
4707	9512
4707	4751
4707	9513
4708	9514
4708	9515
4708	9516
4708	9517
4709	9518
4709	9519
4709	9520
4709	9521
4710	9522
4710	9523
4710	175
4710	9524
4711	9525
4711	6011
4711	8413
4712	9526
4712	9527
4712	9528
4713	5714
4713	795
4713	9529
4714	5030
4714	9530
4714	1815
4715	4927
4715	21
4715	4928
4716	9531
4716	3588
4716	4725
4717	9532
4717	9533
4717	9534
4718	9535
4718	4698
4718	9536
4719	1670
4719	4834
4719	4750
4720	9537
4720	9538
4720	9539
4721	3324
4721	3272
4721	6734
4722	4767
4722	4826
4722	4835
4723	9540
4723	7907
4723	2175
4724	9541
4724	9542
4724	9543
4725	9531
4725	3588
4725	4716
4726	2633
4726	4784
4726	754
4727	9544
4727	9545
4728	4794
4728	9546
4729	9547
4729	4204
4730	9548
4730	4744
4731	9549
4731	9550
4732	9551
4732	3034
4733	9552
4733	9553
4734	9554
4734	9555
4735	9556
4735	4703
4736	1511
4736	9557
4737	1008
4737	9558
4738	4703
4738	2558
4739	9559
4739	9560
4740	9561
4740	1447
4741	4759
4741	9562
4742	4700
4742	7908
4743	9563
4743	9564
4744	4730
4744	9565
4745	9566
4745	9567
4746	6492
4746	1519
4747	6627
4747	9568
4748	4752
4748	9569
4749	4757
4749	6720
4750	9570
4750	4719
4751	9571
4751	4707
4752	4748
4752	9569
4753	9572
4753	9573
4754	2639
4754	9574
4755	2368
4755	7366
4756	451
4757	4749
4758	9575
4759	4741
4760	4817
4761	9576
4762	4820
4763	9577
4764	3006
4765	9578
4766	2926
4767	4722
4768	9579
4769	756
4770	9580
4771	4813
4772	9581
4773	4798
4774	9582
4775	166
4776	3150
4777	9583
4778	4698
4779	9584
4780	6722
4781	9585
4782	9586
4783	4856
4784	4726
4785	9587
4786	9588
4787	9589
4788	9590
4789	7479
4790	9591
4791	9592
4792	9544
4793	4816
4794	4728
4795	1353
4796	180
4797	9593
4798	4773
4799	9594
4800	4660
4801	9595
4802	4706
4803	8269
4804	3051
4805	3048
4806	9596
4807	9597
4808	9598
4809	9599
4810	9572
4811	9600
4812	9601
4813	4771
4814	3021
4815	9602
4816	4793
4817	4760
4818	9603
4819	4851
4820	4762
4821	9512
4822	663
4823	9604
4824	9605
4825	3078
4826	4722
4827	9606
4828	9607
4829	9608
4830	9609
4831	9610
4832	1575
4833	9611
4834	4719
4835	4722
4836	4386
4837	9612
4838	4355
4839	7907
4840	9613
4841	1517
4842	9614
4843	598
4844	4979
4845	4547
4846	9565
4847	9615
4848	9616
4849	4864
4850	9617
4851	4819
4852	9618
4853	9619
4854	9620
4855	9621
4856	4783
4857	9622
4858	6725
4859	9623
4860	9624
4861	9625
4862	9626
4863	9627
4864	4849
4865	9628
4866	3312