fromNode	zip
1	98101
1	98101
1	98101
1	98101
1	98101
1	98101
2	98101
2	98101
2	98101
2	98101
2	98101
2	98101
3	98101
3	98101
3	98101
3	98101
3	98101
4	98101
4	98101
4	98101
4	98101
4	98101
5	98101
5	98101
5	98101
5	98101
6	98101
6	98101
6	98101
6	98101
7	98101
7	98101
7	98101
8	98101
8	98101
8	98101
9	98101
9	98101
9	98101
10	98101
10	98101
10	98101
11	98101
11	98101
11	98101
12	98101
12	98101
12	98101
13	98101
13	98101
13	98101
14	98101
14	98101
14	98101
15	98101
15	98101
15	98101
16	98101
16	98101
16	98101
17	98101
17	98101
17	98101
18	98101
18	98101
18	98101
19	98101
19	98101
19	98101
20	98101
20	98101
20	98101
21	98101
21	98101
21	98101
22	98101
22	98101
22	98101
23	98101
23	98101
23	98101
24	98101
24	98101
24	98101
25	98101
25	98101
25	98101
26	98101
26	98101
27	98101
27	98101
28	98101
28	98101
29	98101
29	98101
30	98101
30	98101
31	98101
31	98101
32	98101
32	98101
33	98101
33	98101
34	98101
34	98101
35	98101
35	98101
36	98101
36	98101
37	98101
37	98101
38	98101
38	98101
39	98101
39	98101
40	98101
40	98101
41	98101
41	98101
42	98101
42	98101
43	98101
43	98101
44	98101
44	98101
45	98101
45	98101
46	98101
46	98101
47	98101
47	98101
48	98101
48	98101
49	98101
49	98101
50	98101
50	98101
51	98101
51	98101
52	98101
52	98101
53	98101
53	98101
54	98101
54	98101
55	98101
55	98101
56	98101
56	98101
57	98101
57	98101
58	98101
58	98101
59	98101
60	98101
61	98101
62	98101
63	98101
64	98101
65	98101
66	98101
67	98101
68	98101
69	98101
70	98101
71	98101
72	98101
73	98101
74	98101
75	98101
76	98101
77	98101
78	98101
79	98101
80	98101
81	98101
82	98101
83	98101
84	98101
85	98101
86	98101
87	98101
88	98101
89	98101
90	98101
91	98101
92	98101
93	98101
94	98101
95	98101
96	98101
97	98101
98	98101
99	98101
100	98101
101	98101
102	98101
103	98101
104	98101
105	98101
106	98101
107	98101
108	98101
109	98101
110	98101
111	98101
112	98101
113	98101
114	98101
115	98101
116	98101
117	98101
118	98101
119	98101
120	98101
121	98101
122	98101
123	98101
124	98101
125	98101
126	98101
127	98101
128	98101
129	98101
130	98101
131	98101
132	98101
133	98101
134	98101
135	98101
136	98101
137	98101
138	98101
139	98101
140	98101
141	98101
142	98101
143	98101
144	98101
145	98101
146	98101
147	98101
148	98101
149	98101
150	98101
151	98101
152	98101
153	98101
154	98101
155	98101
156	98101
157	98101
158	98101
159	98101
160	98101
161	98101
162	98101
163	98101
164	98101
165	98101
166	98101
167	98101
168	98101
169	98101
170	98101
171	98101
172	98101
173	98101
174	98101
175	98101
176	98101
177	98101
178	98101
179	98101
180	98101
181	98102
181	98102
181	98102
181	98102
181	98102
181	98102
181	98102
182	98102
182	98102
182	98102
182	98102
182	98102
182	98102
182	98102
183	98102
183	98102
183	98102
183	98102
183	98102
183	98102
184	98102
184	98102
184	98102
184	98102
184	98102
185	98102
185	98102
185	98102
185	98102
185	98102
186	98102
186	98102
186	98102
186	98102
186	98102
187	98102
187	98102
187	98102
187	98102
187	98102
188	98102
188	98102
188	98102
188	98102
188	98102
189	98102
189	98102
189	98102
189	98102
190	98102
190	98102
190	98102
190	98102
191	98102
191	98102
191	98102
191	98102
192	98102
192	98102
192	98102
192	98102
193	98102
193	98102
193	98102
193	98102
194	98102
194	98102
194	98102
194	98102
195	98102
195	98102
195	98102
196	98102
196	98102
196	98102
197	98102
197	98102
197	98102
198	98102
198	98102
198	98102
199	98102
199	98102
199	98102
200	98102
200	98102
200	98102
201	98102
201	98102
201	98102
202	98102
202	98102
202	98102
203	98102
203	98102
203	98102
204	98102
204	98102
204	98102
205	98102
205	98102
205	98102
206	98102
206	98102
206	98102
207	98102
207	98102
207	98102
208	98102
208	98102
208	98102
209	98102
209	98102
210	98102
210	98102
211	98102
211	98102
212	98102
212	98102
213	98102
213	98102
214	98102
214	98102
215	98102
215	98102
216	98102
216	98102
217	98102
217	98102
218	98102
218	98102
219	98102
219	98102
220	98102
220	98102
221	98102
221	98102
222	98102
222	98102
223	98102
223	98102
224	98102
224	98102
225	98102
225	98102
226	98102
226	98102
227	98102
227	98102
228	98102
228	98102
229	98102
229	98102
230	98102
230	98102
231	98102
231	98102
232	98102
232	98102
233	98102
233	98102
234	98102
234	98102
235	98102
235	98102
236	98102
236	98102
237	98102
237	98102
238	98102
238	98102
239	98102
239	98102
240	98102
240	98102
241	98102
241	98102
242	98102
242	98102
243	98102
243	98102
244	98102
244	98102
245	98102
245	98102
246	98102
246	98102
247	98102
247	98102
248	98102
248	98102
249	98102
249	98102
250	98102
250	98102
251	98102
251	98102
252	98102
252	98102
253	98102
253	98102
254	98102
254	98102
255	98102
255	98102
256	98102
256	98102
257	98102
257	98102
258	98102
259	98102
260	98102
261	98102
262	98102
263	98102
264	98102
265	98102
266	98102
267	98102
268	98102
269	98102
270	98102
271	98102
272	98102
273	98102
274	98102
275	98102
276	98102
277	98102
278	98102
279	98102
280	98102
281	98102
282	98102
283	98102
284	98102
285	98102
286	98102
287	98102
288	98102
289	98102
290	98102
291	98102
292	98102
293	98102
294	98102
295	98102
296	98102
297	98102
298	98102
299	98102
300	98102
301	98102
302	98102
303	98102
304	98102
305	98102
306	98102
307	98102
308	98102
309	98102
310	98102
311	98102
312	98102
313	98102
314	98102
315	98102
316	98102
317	98102
318	98102
319	98102
320	98102
321	98102
322	98102
323	98102
324	98102
325	98102
326	98102
327	98102
328	98102
329	98102
330	98102
331	98102
332	98102
333	98102
334	98102
335	98102
336	98102
337	98102
338	98102
339	98102
340	98102
341	98102
342	98102
343	98102
344	98102
345	98102
346	98102
347	98102
348	98102
349	98102
350	98102
351	98102
352	98102
353	98102
354	98102
355	98102
356	98102
357	98102
358	98102
359	98102
360	98102
361	98102
362	98102
363	98102
364	98102
365	98102
366	98102
367	98102
368	98102
369	98102
370	98102
371	98102
372	98102
373	98102
374	98102
375	98102
376	98102
377	98102
378	98102
379	98102
380	98102
381	98102
382	98102
383	98102
384	98102
385	98102
386	98102
387	98102
388	98102
389	98102
390	98102
391	98102
392	98102
393	98102
394	98102
395	98102
396	98102
397	98102
398	98102
399	98102
400	98102
401	98102
402	98102
403	98102
404	98102
405	98102
406	98102
407	98102
408	98102
409	98102
410	98102
411	98102
412	98102
413	98102
414	98102
415	98102
416	98102
417	98102
418	98102
419	98102
420	98102
421	98102
422	98102
423	98102
424	98102
425	98102
426	98102
427	98103
427	98103
427	98103
427	98103
427	98103
427	98103
427	98103
427	98103
427	98103
427	98103
428	98103
428	98103
428	98103
428	98103
428	98103
428	98103
428	98103
428	98103
428	98103
429	98103
429	98103
429	98103
429	98103
429	98103
429	98103
429	98103
430	98103
430	98103
430	98103
430	98103
430	98103
430	98103
430	98103
431	98103
431	98103
431	98103
431	98103
431	98103
431	98103
432	98103
432	98103
432	98103
432	98103
432	98103
432	98103
433	98103
433	98103
433	98103
433	98103
433	98103
433	98103
434	98103
434	98103
434	98103
434	98103
434	98103
434	98103
435	98103
435	98103
435	98103
435	98103
435	98103
436	98103
436	98103
436	98103
436	98103
436	98103
437	98103
437	98103
437	98103
437	98103
437	98103
438	98103
438	98103
438	98103
438	98103
439	98103
439	98103
439	98103
439	98103
440	98103
440	98103
440	98103
440	98103
441	98103
441	98103
441	98103
441	98103
442	98103
442	98103
442	98103
442	98103
443	98103
443	98103
443	98103
443	98103
444	98103
444	98103
444	98103
444	98103
445	98103
445	98103
445	98103
445	98103
446	98103
446	98103
446	98103
447	98103
447	98103
447	98103
448	98103
448	98103
448	98103
449	98103
449	98103
449	98103
450	98103
450	98103
450	98103
451	98103
451	98103
451	98103
452	98103
452	98103
452	98103
453	98103
453	98103
453	98103
454	98103
454	98103
454	98103
455	98103
455	98103
455	98103
456	98103
456	98103
456	98103
457	98103
457	98103
457	98103
458	98103
458	98103
458	98103
459	98103
459	98103
459	98103
460	98103
460	98103
460	98103
461	98103
461	98103
461	98103
462	98103
462	98103
462	98103
463	98103
463	98103
463	98103
464	98103
464	98103
464	98103
465	98103
465	98103
465	98103
466	98103
466	98103
467	98103
467	98103
468	98103
468	98103
469	98103
469	98103
470	98103
470	98103
471	98103
471	98103
472	98103
472	98103
473	98103
473	98103
474	98103
474	98103
475	98103
475	98103
476	98103
476	98103
477	98103
477	98103
478	98103
478	98103
479	98103
479	98103
480	98103
480	98103
481	98103
481	98103
482	98103
482	98103
483	98103
483	98103
484	98103
484	98103
485	98103
485	98103
486	98103
486	98103
487	98103
487	98103
488	98103
488	98103
489	98103
489	98103
490	98103
490	98103
491	98103
491	98103
492	98103
492	98103
493	98103
493	98103
494	98103
494	98103
495	98103
495	98103
496	98103
496	98103
497	98103
497	98103
498	98103
498	98103
499	98103
499	98103
500	98103
500	98103
501	98103
501	98103
502	98103
502	98103
503	98103
503	98103
504	98103
504	98103
505	98103
505	98103
506	98103
506	98103
507	98103
507	98103
508	98103
508	98103
509	98103
509	98103
510	98103
510	98103
511	98103
511	98103
512	98103
512	98103
513	98103
513	98103
514	98103
514	98103
515	98103
515	98103
516	98103
516	98103
517	98103
517	98103
518	98103
518	98103
519	98103
519	98103
520	98103
520	98103
521	98103
521	98103
522	98103
522	98103
523	98103
523	98103
524	98103
524	98103
525	98103
525	98103
526	98103
526	98103
527	98103
527	98103
528	98103
528	98103
529	98103
530	98103
531	98103
532	98103
533	98103
534	98103
535	98103
536	98103
537	98103
538	98103
539	98103
540	98103
541	98103
542	98103
543	98103
544	98103
545	98103
546	98103
547	98103
548	98103
549	98103
550	98103
551	98103
552	98103
553	98103
554	98103
555	98103
556	98103
557	98103
558	98103
559	98103
560	98103
561	98103
562	98103
563	98103
564	98103
565	98103
566	98103
567	98103
568	98103
569	98103
570	98103
571	98103
572	98103
573	98103
574	98103
575	98103
576	98103
577	98103
578	98103
579	98103
580	98103
581	98103
582	98103
583	98103
584	98103
585	98103
586	98103
587	98103
588	98103
589	98103
590	98103
591	98103
592	98103
593	98103
594	98103
595	98103
596	98103
597	98103
598	98103
599	98103
600	98103
601	98103
602	98103
603	98103
604	98103
605	98103
606	98103
607	98103
608	98103
609	98103
610	98103
611	98103
612	98103
613	98103
614	98103
615	98103
616	98103
617	98103
618	98103
619	98103
620	98103
621	98103
622	98103
623	98103
624	98103
625	98103
626	98103
627	98103
628	98103
629	98103
630	98103
631	98103
632	98103
633	98103
634	98103
635	98103
636	98103
637	98103
638	98103
639	98103
640	98103
641	98103
642	98103
643	98103
644	98103
645	98103
646	98103
647	98103
648	98103
649	98103
650	98103
651	98103
652	98103
653	98103
654	98103
655	98103
656	98103
657	98103
658	98103
659	98103
660	98103
661	98103
662	98103
663	98103
664	98103
665	98103
666	98103
667	98103
668	98103
669	98103
670	98103
671	98103
672	98103
673	98103
674	98103
675	98103
676	98103
677	98103
678	98103
679	98103
680	98103
681	98103
682	98103
683	98103
684	98103
685	98103
686	98103
687	98103
688	98103
689	98103
690	98103
691	98103
692	98103
693	98103
694	98103
695	98103
696	98103
697	98103
698	98103
699	98103
700	98103
701	98103
702	98103
703	98103
704	98103
705	98103
706	98103
707	98103
708	98103
709	98103
710	98103
711	98103
712	98103
713	98103
714	98103
715	98103
716	98103
717	98103
718	98103
719	98103
720	98103
721	98103
722	98103
723	98103
724	98103
725	98103
726	98103
727	98103
728	98103
729	98103
730	98103
731	98103
732	98103
733	98103
734	98103
735	98103
736	98103
737	98103
738	98103
739	98103
740	98103
741	98103
742	98103
743	98103
744	98103
745	98103
746	98103
747	98103
748	98103
749	98103
750	98103
751	98103
752	98103
753	98103
754	98103
755	98103
756	98103
757	98103
758	98103
759	98103
760	98103
761	98103
762	98103
763	98103
764	98103
765	98103
766	98103
767	98103
768	98103
769	98103
770	98103
771	98103
772	98103
773	98103
774	98103
775	98103
776	98103
777	98103
778	98103
779	98103
780	98103
781	98103
782	98103
783	98103
784	98103
785	98103
786	98103
787	98103
788	98103
789	98104
789	98104
789	98104
789	98104
789	98104
789	98104
789	98104
789	98104
789	98104
789	98104
789	98104
790	98104
790	98104
790	98104
790	98104
790	98104
790	98104
790	98104
790	98104
790	98104
790	98104
791	98104
791	98104
791	98104
791	98104
791	98104
791	98104
791	98104
791	98104
792	98104
792	98104
792	98104
792	98104
792	98104
792	98104
792	98104
793	98104
793	98104
793	98104
793	98104
793	98104
793	98104
794	98104
794	98104
794	98104
794	98104
794	98104
795	98104
795	98104
795	98104
795	98104
795	98104
796	98104
796	98104
796	98104
796	98104
797	98104
797	98104
797	98104
797	98104
798	98104
798	98104
798	98104
798	98104
799	98104
799	98104
799	98104
799	98104
800	98104
800	98104
800	98104
801	98104
801	98104
801	98104
802	98104
802	98104
802	98104
803	98104
803	98104
803	98104
804	98104
804	98104
804	98104
805	98104
805	98104
805	98104
806	98104
806	98104
806	98104
807	98104
807	98104
807	98104
808	98104
808	98104
808	98104
809	98104
809	98104
810	98104
810	98104
811	98104
811	98104
812	98104
812	98104
813	98104
813	98104
814	98104
814	98104
815	98104
815	98104
816	98104
816	98104
817	98104
817	98104
818	98104
818	98104
819	98104
819	98104
820	98104
820	98104
821	98104
821	98104
822	98104
822	98104
823	98104
823	98104
824	98104
824	98104
825	98104
825	98104
826	98104
826	98104
827	98104
827	98104
828	98104
828	98104
829	98104
830	98104
831	98104
832	98104
833	98104
834	98104
835	98104
836	98104
837	98104
838	98104
839	98104
840	98104
841	98104
842	98104
843	98104
844	98104
845	98104
846	98104
847	98104
848	98104
849	98104
850	98104
851	98104
852	98104
853	98104
854	98104
855	98104
856	98104
857	98104
858	98104
859	98104
860	98104
861	98104
862	98104
863	98104
864	98104
865	98104
866	98104
867	98104
868	98104
869	98104
870	98104
871	98104
872	98104
873	98104
874	98104
875	98104
876	98104
877	98104
878	98104
879	98104
880	98104
881	98104
882	98104
883	98104
884	98104
885	98104
886	98104
887	98104
888	98104
889	98104
890	98104
891	98104
892	98104
893	98104
894	98104
895	98104
896	98104
897	98104
898	98104
899	98104
900	98104
901	98104
902	98104
903	98104
904	98104
905	98105
905	98105
905	98105
905	98105
905	98105
905	98105
905	98105
905	98105
905	98105
905	98105
905	98105
906	98105
906	98105
906	98105
906	98105
906	98105
906	98105
906	98105
906	98105
906	98105
907	98105
907	98105
907	98105
907	98105
907	98105
907	98105
908	98105
908	98105
908	98105
908	98105
908	98105
908	98105
909	98105
909	98105
909	98105
909	98105
909	98105
909	98105
910	98105
910	98105
910	98105
910	98105
910	98105
911	98105
911	98105
911	98105
911	98105
911	98105
912	98105
912	98105
912	98105
912	98105
912	98105
913	98105
913	98105
913	98105
913	98105
913	98105
914	98105
914	98105
914	98105
914	98105
915	98105
915	98105
915	98105
915	98105
916	98105
916	98105
916	98105
916	98105
917	98105
917	98105
917	98105
918	98105
918	98105
918	98105
919	98105
919	98105
919	98105
920	98105
920	98105
920	98105
921	98105
921	98105
921	98105
922	98105
922	98105
922	98105
923	98105
923	98105
923	98105
924	98105
924	98105
924	98105
925	98105
925	98105
925	98105
926	98105
926	98105
926	98105
927	98105
927	98105
927	98105
928	98105
928	98105
928	98105
929	98105
929	98105
929	98105
930	98105
930	98105
930	98105
931	98105
931	98105
931	98105
932	98105
932	98105
933	98105
933	98105
934	98105
934	98105
935	98105
935	98105
936	98105
936	98105
937	98105
937	98105
938	98105
938	98105
939	98105
939	98105
940	98105
940	98105
941	98105
941	98105
942	98105
942	98105
943	98105
943	98105
944	98105
944	98105
945	98105
945	98105
946	98105
946	98105
947	98105
947	98105
948	98105
948	98105
949	98105
949	98105
950	98105
950	98105
951	98105
951	98105
952	98105
952	98105
953	98105
953	98105
954	98105
954	98105
955	98105
955	98105
956	98105
956	98105
957	98105
957	98105
958	98105
958	98105
959	98105
959	98105
960	98105
960	98105
961	98105
961	98105
962	98105
962	98105
963	98105
963	98105
964	98105
964	98105
965	98105
965	98105
966	98105
966	98105
967	98105
968	98105
969	98105
970	98105
971	98105
972	98105
973	98105
974	98105
975	98105
976	98105
977	98105
978	98105
979	98105
980	98105
981	98105
982	98105
983	98105
984	98105
985	98105
986	98105
987	98105
988	98105
989	98105
990	98105
991	98105
992	98105
993	98105
994	98105
995	98105
996	98105
997	98105
998	98105
999	98105
1000	98105
1001	98105
1002	98105
1003	98105
1004	98105
1005	98105
1006	98105
1007	98105
1008	98105
1009	98105
1010	98105
1011	98105
1012	98105
1013	98105
1014	98105
1015	98105
1016	98105
1017	98105
1018	98105
1019	98105
1020	98105
1021	98105
1022	98105
1023	98105
1024	98105
1025	98105
1026	98105
1027	98105
1028	98105
1029	98105
1030	98105
1031	98105
1032	98105
1033	98105
1034	98105
1035	98105
1036	98105
1037	98105
1038	98105
1039	98105
1040	98105
1041	98105
1042	98105
1043	98105
1044	98105
1045	98105
1046	98105
1047	98105
1048	98105
1049	98105
1050	98105
1051	98105
1052	98105
1053	98105
1054	98105
1055	98105
1056	98105
1057	98105
1058	98105
1059	98105
1060	98105
1061	98105
1062	98105
1063	98105
1064	98105
1065	98105
1066	98105
1067	98105
1068	98105
1069	98105
1070	98105
1071	98105
1072	98105
1073	98105
1074	98105
1075	98105
1076	98105
1077	98105
1078	98105
1079	98105
1080	98105
1081	98105
1082	98105
1083	98105
1084	98105
1085	98105
1086	98105
1087	98105
1088	98105
1089	98105
1090	98105
1091	98105
1092	98105
1093	98105
1094	98105
1095	98105
1096	98105
1097	98105
1098	98105
1099	98105
1100	98105
1101	98105
1102	98105
1103	98105
1104	98105
1105	98105
1106	98105
1107	98105
1108	98105
1109	98105
1110	98105
1111	98105
1112	98105
1113	98105
1114	98105
1115	98105
1116	98105
1117	98105
1118	98105
1119	98105
1120	98105
1121	98105
1122	98105
1123	98105
1124	98105
1125	98105
1126	98105
1127	98105
1128	98105
1129	98105
1130	98105
1131	98105
1132	98105
1133	98105
1134	98105
1135	98105
1136	98105
1137	98105
1138	98105
1139	98105
1140	98105
1141	98105
1142	98105
1143	98105
1144	98105
1145	98105
1146	98105
1147	98105
1148	98105
1149	98105
1150	98105
1151	98105
1152	98105
1153	98105
1154	98105
1155	98105
1156	98105
1157	98105
1158	98105
1159	98105
1160	98105
1161	98105
1162	98105
1163	98105
1164	98105
1165	98105
1166	98105
1167	98105
1168	98105
1169	98105
1170	98105
1171	98105
1172	98105
1173	98105
1174	98105
1175	98105
1176	98105
1177	98105
1178	98105
1179	98105
1180	98105
1181	98105
1182	98105
1183	98105
1184	98106
1184	98106
1184	98106
1184	98106
1184	98106
1184	98106
1184	98106
1184	98106
1184	98106
1184	98106
1184	98106
1185	98106
1185	98106
1185	98106
1185	98106
1185	98106
1185	98106
1185	98106
1185	98106
1185	98106
1185	98106
1186	98106
1186	98106
1186	98106
1186	98106
1186	98106
1186	98106
1186	98106
1187	98106
1187	98106
1187	98106
1187	98106
1187	98106
1187	98106
1188	98106
1188	98106
1188	98106
1188	98106
1188	98106
1188	98106
1189	98106
1189	98106
1189	98106
1189	98106
1189	98106
1190	98106
1190	98106
1190	98106
1190	98106
1190	98106
1191	98106
1191	98106
1191	98106
1191	98106
1191	98106
1192	98106
1192	98106
1192	98106
1192	98106
1193	98106
1193	98106
1193	98106
1193	98106
1194	98106
1194	98106
1194	98106
1195	98106
1195	98106
1195	98106
1196	98106
1196	98106
1196	98106
1197	98106
1197	98106
1197	98106
1198	98106
1198	98106
1198	98106
1199	98106
1199	98106
1199	98106
1200	98106
1200	98106
1200	98106
1201	98106
1201	98106
1201	98106
1202	98106
1202	98106
1202	98106
1203	98106
1203	98106
1203	98106
1204	98106
1204	98106
1205	98106
1205	98106
1206	98106
1206	98106
1207	98106
1207	98106
1208	98106
1208	98106
1209	98106
1209	98106
1210	98106
1210	98106
1211	98106
1211	98106
1212	98106
1212	98106
1213	98106
1213	98106
1214	98106
1214	98106
1215	98106
1215	98106
1216	98106
1216	98106
1217	98106
1217	98106
1218	98106
1218	98106
1219	98106
1219	98106
1220	98106
1220	98106
1221	98106
1221	98106
1222	98106
1222	98106
1223	98106
1223	98106
1224	98106
1224	98106
1225	98106
1225	98106
1226	98106
1226	98106
1227	98106
1227	98106
1228	98106
1228	98106
1229	98106
1229	98106
1230	98106
1230	98106
1231	98106
1231	98106
1232	98106
1232	98106
1233	98106
1233	98106
1234	98106
1235	98106
1236	98106
1237	98106
1238	98106
1239	98106
1240	98106
1241	98106
1242	98106
1243	98106
1244	98106
1245	98106
1246	98106
1247	98106
1248	98106
1249	98106
1250	98106
1251	98106
1252	98106
1253	98106
1254	98106
1255	98106
1256	98106
1257	98106
1258	98106
1259	98106
1260	98106
1261	98106
1262	98106
1263	98106
1264	98106
1265	98106
1266	98106
1267	98106
1268	98106
1269	98106
1270	98106
1271	98106
1272	98106
1273	98106
1274	98106
1275	98106
1276	98106
1277	98106
1278	98106
1279	98106
1280	98106
1281	98106
1282	98106
1283	98106
1284	98106
1285	98106
1286	98106
1287	98106
1288	98106
1289	98106
1290	98106
1291	98106
1292	98106
1293	98106
1294	98106
1295	98106
1296	98106
1297	98106
1298	98106
1299	98106
1300	98106
1301	98106
1302	98106
1303	98106
1304	98106
1305	98106
1306	98106
1307	98106
1308	98106
1309	98107
1309	98107
1309	98107
1309	98107
1309	98107
1309	98107
1309	98107
1309	98107
1309	98107
1309	98107
1309	98107
1310	98107
1310	98107
1310	98107
1310	98107
1310	98107
1311	98107
1311	98107
1311	98107
1311	98107
1311	98107
1312	98107
1312	98107
1312	98107
1312	98107
1312	98107
1313	98107
1313	98107
1313	98107
1313	98107
1313	98107
1314	98107
1314	98107
1314	98107
1314	98107
1314	98107
1315	98107
1315	98107
1315	98107
1315	98107
1316	98107
1316	98107
1316	98107
1316	98107
1317	98107
1317	98107
1317	98107
1317	98107
1318	98107
1318	98107
1318	98107
1318	98107
1319	98107
1319	98107
1319	98107
1319	98107
1320	98107
1320	98107
1320	98107
1321	98107
1321	98107
1321	98107
1322	98107
1322	98107
1322	98107
1323	98107
1323	98107
1323	98107
1324	98107
1324	98107
1324	98107
1325	98107
1325	98107
1325	98107
1326	98107
1326	98107
1326	98107
1327	98107
1327	98107
1327	98107
1328	98107
1328	98107
1328	98107
1329	98107
1329	98107
1329	98107
1330	98107
1330	98107
1330	98107
1331	98107
1331	98107
1331	98107
1332	98107
1332	98107
1332	98107
1333	98107
1333	98107
1333	98107
1334	98107
1334	98107
1334	98107
1335	98107
1335	98107
1336	98107
1336	98107
1337	98107
1337	98107
1338	98107
1338	98107
1339	98107
1339	98107
1340	98107
1340	98107
1341	98107
1341	98107
1342	98107
1342	98107
1343	98107
1343	98107
1344	98107
1344	98107
1345	98107
1345	98107
1346	98107
1346	98107
1347	98107
1347	98107
1348	98107
1348	98107
1349	98107
1349	98107
1350	98107
1350	98107
1351	98107
1351	98107
1352	98107
1352	98107
1353	98107
1353	98107
1354	98107
1354	98107
1355	98107
1355	98107
1356	98107
1356	98107
1357	98107
1357	98107
1358	98107
1358	98107
1359	98107
1359	98107
1360	98107
1360	98107
1361	98107
1361	98107
1362	98107
1362	98107
1363	98107
1363	98107
1364	98107
1364	98107
1365	98107
1365	98107
1366	98107
1367	98107
1368	98107
1369	98107
1370	98107
1371	98107
1372	98107
1373	98107
1374	98107
1375	98107
1376	98107
1377	98107
1378	98107
1379	98107
1380	98107
1381	98107
1382	98107
1383	98107
1384	98107
1385	98107
1386	98107
1387	98107
1388	98107
1389	98107
1390	98107
1391	98107
1392	98107
1393	98107
1394	98107
1395	98107
1396	98107
1397	98107
1398	98107
1399	98107
1400	98107
1401	98107
1402	98107
1403	98107
1404	98107
1405	98107
1406	98107
1407	98107
1408	98107
1409	98107
1410	98107
1411	98107
1412	98107
1413	98107
1414	98107
1415	98107
1416	98107
1417	98107
1418	98107
1419	98107
1420	98107
1421	98107
1422	98107
1423	98107
1424	98107
1425	98107
1426	98107
1427	98107
1428	98107
1429	98107
1430	98107
1431	98107
1432	98107
1433	98107
1434	98107
1435	98107
1436	98107
1437	98107
1438	98107
1439	98107
1440	98107
1441	98107
1442	98107
1443	98107
1444	98107
1445	98107
1446	98107
1447	98107
1448	98107
1449	98107
1450	98107
1451	98107
1452	98107
1453	98107
1454	98107
1455	98107
1456	98107
1457	98107
1458	98107
1459	98107
1460	98107
1461	98107
1462	98107
1463	98107
1464	98107
1465	98107
1466	98107
1467	98107
1468	98107
1469	98107
1470	98107
1471	98107
1472	98107
1473	98107
1474	98107
1475	98107
1476	98107
1477	98107
1478	98107
1479	98107
1480	98107
1481	98107
1482	98107
1483	98107
1484	98107
1485	98107
1486	98107
1487	98107
1488	98107
1489	98107
1490	98107
1491	98107
1492	98107
1493	98107
1494	98107
1495	98107
1496	98107
1497	98107
1498	98107
1499	98107
1500	98107
1501	98107
1502	98107
1503	98107
1504	98107
1505	98107
1506	98107
1507	98107
1508	98109
1508	98109
1508	98109
1508	98109
1508	98109
1508	98109
1508	98109
1508	98109
1508	98109
1509	98109
1509	98109
1509	98109
1509	98109
1509	98109
1509	98109
1509	98109
1509	98109
1509	98109
1510	98109
1510	98109
1510	98109
1510	98109
1510	98109
1510	98109
1510	98109
1510	98109
1511	98109
1511	98109
1511	98109
1511	98109
1511	98109
1511	98109
1511	98109
1511	98109
1512	98109
1512	98109
1512	98109
1512	98109
1512	98109
1512	98109
1512	98109
1512	98109
1513	98109
1513	98109
1513	98109
1513	98109
1513	98109
1513	98109
1514	98109
1514	98109
1514	98109
1514	98109
1514	98109
1515	98109
1515	98109
1515	98109
1515	98109
1515	98109
1516	98109
1516	98109
1516	98109
1516	98109
1516	98109
1517	98109
1517	98109
1517	98109
1517	98109
1517	98109
1518	98109
1518	98109
1518	98109
1518	98109
1518	98109
1519	98109
1519	98109
1519	98109
1519	98109
1519	98109
1520	98109
1520	98109
1520	98109
1520	98109
1520	98109
1521	98109
1521	98109
1521	98109
1521	98109
1521	98109
1522	98109
1522	98109
1522	98109
1522	98109
1523	98109
1523	98109
1523	98109
1523	98109
1524	98109
1524	98109
1524	98109
1524	98109
1525	98109
1525	98109
1525	98109
1525	98109
1526	98109
1526	98109
1526	98109
1526	98109
1527	98109
1527	98109
1527	98109
1527	98109
1528	98109
1528	98109
1528	98109
1528	98109
1529	98109
1529	98109
1529	98109
1529	98109
1530	98109
1530	98109
1530	98109
1530	98109
1531	98109
1531	98109
1531	98109
1531	98109
1532	98109
1532	98109
1532	98109
1532	98109
1533	98109
1533	98109
1533	98109
1534	98109
1534	98109
1534	98109
1535	98109
1535	98109
1535	98109
1536	98109
1536	98109
1536	98109
1537	98109
1537	98109
1537	98109
1538	98109
1538	98109
1538	98109
1539	98109
1539	98109
1539	98109
1540	98109
1540	98109
1540	98109
1541	98109
1541	98109
1541	98109
1542	98109
1542	98109
1542	98109
1543	98109
1543	98109
1543	98109
1544	98109
1544	98109
1544	98109
1545	98109
1545	98109
1545	98109
1546	98109
1546	98109
1546	98109
1547	98109
1547	98109
1547	98109
1548	98109
1548	98109
1548	98109
1549	98109
1549	98109
1549	98109
1550	98109
1550	98109
1550	98109
1551	98109
1551	98109
1551	98109
1552	98109
1552	98109
1552	98109
1553	98109
1553	98109
1554	98109
1554	98109
1555	98109
1555	98109
1556	98109
1556	98109
1557	98109
1557	98109
1558	98109
1558	98109
1559	98109
1559	98109
1560	98109
1560	98109
1561	98109
1561	98109
1562	98109
1562	98109
1563	98109
1563	98109
1564	98109
1564	98109
1565	98109
1565	98109
1566	98109
1566	98109
1567	98109
1567	98109
1568	98109
1568	98109
1569	98109
1569	98109
1570	98109
1570	98109
1571	98109
1571	98109
1572	98109
1572	98109
1573	98109
1573	98109
1574	98109
1574	98109
1575	98109
1575	98109
1576	98109
1576	98109
1577	98109
1577	98109
1578	98109
1578	98109
1579	98109
1579	98109
1580	98109
1580	98109
1581	98109
1581	98109
1582	98109
1582	98109
1583	98109
1583	98109
1584	98109
1584	98109
1585	98109
1585	98109
1586	98109
1586	98109
1587	98109
1587	98109
1588	98109
1588	98109
1589	98109
1589	98109
1590	98109
1590	98109
1591	98109
1591	98109
1592	98109
1592	98109
1593	98109
1593	98109
1594	98109
1594	98109
1595	98109
1595	98109
1596	98109
1596	98109
1597	98109
1597	98109
1598	98109
1598	98109
1599	98109
1599	98109
1600	98109
1600	98109
1601	98109
1601	98109
1602	98109
1602	98109
1603	98109
1603	98109
1604	98109
1604	98109
1605	98109
1605	98109
1606	98109
1606	98109
1607	98109
1608	98109
1609	98109
1610	98109
1611	98109
1612	98109
1613	98109
1614	98109
1615	98109
1616	98109
1617	98109
1618	98109
1619	98109
1620	98109
1621	98109
1622	98109
1623	98109
1624	98109
1625	98109
1626	98109
1627	98109
1628	98109
1629	98109
1630	98109
1631	98109
1632	98109
1633	98109
1634	98109
1635	98109
1636	98109
1637	98109
1638	98109
1639	98109
1640	98109
1641	98109
1642	98109
1643	98109
1644	98109
1645	98109
1646	98109
1647	98109
1648	98109
1649	98109
1650	98109
1651	98109
1652	98109
1653	98109
1654	98109
1655	98109
1656	98109
1657	98109
1658	98109
1659	98109
1660	98109
1661	98109
1662	98109
1663	98109
1664	98109
1665	98109
1666	98109
1667	98109
1668	98109
1669	98109
1670	98109
1671	98109
1672	98109
1673	98109
1674	98109
1675	98109
1676	98109
1677	98109
1678	98109
1679	98109
1680	98109
1681	98109
1682	98109
1683	98109
1684	98109
1685	98109
1686	98109
1687	98109
1688	98109
1689	98109
1690	98109
1691	98109
1692	98109
1693	98109
1694	98109
1695	98109
1696	98109
1697	98109
1698	98109
1699	98109
1700	98109
1701	98109
1702	98109
1703	98109
1704	98109
1705	98109
1706	98109
1707	98109
1708	98109
1709	98109
1710	98109
1711	98109
1712	98109
1713	98109
1714	98109
1715	98109
1716	98109
1717	98109
1718	98109
1719	98109
1720	98109
1721	98109
1722	98109
1723	98109
1724	98109
1725	98109
1726	98109
1727	98109
1728	98109
1729	98109
1730	98109
1731	98109
1732	98109
1733	98109
1734	98109
1735	98109
1736	98109
1737	98109
1738	98109
1739	98109
1740	98109
1741	98109
1742	98109
1743	98109
1744	98109
1745	98109
1746	98109
1747	98109
1748	98109
1749	98109
1750	98109
1751	98109
1752	98109
1753	98109
1754	98109
1755	98109
1756	98109
1757	98109
1758	98109
1759	98109
1760	98109
1761	98109
1762	98109
1763	98109
1764	98109
1765	98109
1766	98109
1767	98109
1768	98109
1769	98109
1770	98109
1771	98109
1772	98109
1773	98109
1774	98109
1775	98109
1776	98109
1777	98109
1778	98109
1779	98109
1780	98109
1781	98109
1782	98109
1783	98109
1784	98109
1785	98109
1786	98109
1787	98109
1788	98109
1789	98109
1790	98109
1791	98109
1792	98109
1793	98109
1794	98109
1795	98109
1796	98109
1797	98109
1798	98109
1799	98109
1800	98109
1801	98109
1802	98109
1803	98109
1804	98109
1805	98109
1806	98109
1807	98109
1808	98109
1809	98109
1810	98109
1811	98109
1812	98109
1813	98112
1813	98112
1813	98112
1813	98112
1813	98112
1813	98112
1813	98112
1813	98112
1813	98112
1813	98112
1813	98112
1813	98112
1813	98112
1814	98112
1814	98112
1814	98112
1814	98112
1814	98112
1814	98112
1814	98112
1814	98112
1814	98112
1814	98112
1814	98112
1815	98112
1815	98112
1815	98112
1815	98112
1815	98112
1815	98112
1815	98112
1815	98112
1815	98112
1815	98112
1816	98112
1816	98112
1816	98112
1816	98112
1816	98112
1816	98112
1816	98112
1816	98112
1816	98112
1816	98112
1817	98112
1817	98112
1817	98112
1817	98112
1817	98112
1817	98112
1817	98112
1817	98112
1818	98112
1818	98112
1818	98112
1818	98112
1818	98112
1818	98112
1818	98112
1819	98112
1819	98112
1819	98112
1819	98112
1819	98112
1819	98112
1819	98112
1820	98112
1820	98112
1820	98112
1820	98112
1820	98112
1820	98112
1820	98112
1821	98112
1821	98112
1821	98112
1821	98112
1821	98112
1821	98112
1822	98112
1822	98112
1822	98112
1822	98112
1822	98112
1822	98112
1823	98112
1823	98112
1823	98112
1823	98112
1823	98112
1824	98112
1824	98112
1824	98112
1824	98112
1824	98112
1825	98112
1825	98112
1825	98112
1825	98112
1825	98112
1826	98112
1826	98112
1826	98112
1826	98112
1826	98112
1827	98112
1827	98112
1827	98112
1827	98112
1828	98112
1828	98112
1828	98112
1828	98112
1829	98112
1829	98112
1829	98112
1829	98112
1830	98112
1830	98112
1830	98112
1830	98112
1831	98112
1831	98112
1831	98112
1831	98112
1832	98112
1832	98112
1832	98112
1832	98112
1833	98112
1833	98112
1833	98112
1833	98112
1834	98112
1834	98112
1834	98112
1835	98112
1835	98112
1835	98112
1836	98112
1836	98112
1836	98112
1837	98112
1837	98112
1837	98112
1838	98112
1838	98112
1838	98112
1839	98112
1839	98112
1839	98112
1840	98112
1840	98112
1840	98112
1841	98112
1841	98112
1841	98112
1842	98112
1842	98112
1842	98112
1843	98112
1843	98112
1843	98112
1844	98112
1844	98112
1844	98112
1845	98112
1845	98112
1845	98112
1846	98112
1846	98112
1846	98112
1847	98112
1847	98112
1847	98112
1848	98112
1848	98112
1849	98112
1849	98112
1850	98112
1850	98112
1851	98112
1851	98112
1852	98112
1852	98112
1853	98112
1853	98112
1854	98112
1854	98112
1855	98112
1855	98112
1856	98112
1856	98112
1857	98112
1857	98112
1858	98112
1858	98112
1859	98112
1859	98112
1860	98112
1860	98112
1861	98112
1861	98112
1862	98112
1862	98112
1863	98112
1863	98112
1864	98112
1864	98112
1865	98112
1865	98112
1866	98112
1866	98112
1867	98112
1867	98112
1868	98112
1868	98112
1869	98112
1869	98112
1870	98112
1870	98112
1871	98112
1871	98112
1872	98112
1872	98112
1873	98112
1874	98112
1875	98112
1876	98112
1877	98112
1878	98112
1879	98112
1880	98112
1881	98112
1882	98112
1883	98112
1884	98112
1885	98112
1886	98112
1887	98112
1888	98112
1889	98112
1890	98112
1891	98112
1892	98112
1893	98112
1894	98112
1895	98112
1896	98112
1897	98112
1898	98112
1899	98112
1900	98112
1901	98112
1902	98112
1903	98112
1904	98112
1905	98112
1906	98112
1907	98112
1908	98112
1909	98112
1910	98112
1911	98112
1912	98112
1913	98112
1914	98112
1915	98112
1916	98112
1917	98112
1918	98112
1919	98112
1920	98112
1921	98112
1922	98112
1923	98112
1924	98112
1925	98112
1926	98112
1927	98112
1928	98112
1929	98112
1930	98112
1931	98112
1932	98112
1933	98112
1934	98112
1935	98112
1936	98112
1937	98112
1938	98112
1939	98112
1940	98112
1941	98112
1942	98112
1943	98112
1944	98112
1945	98112
1946	98112
1947	98112
1948	98112
1949	98112
1950	98112
1951	98112
1952	98112
1953	98112
1954	98112
1955	98112
1956	98112
1957	98112
1958	98112
1959	98112
1960	98112
1961	98112
1962	98112
1963	98112
1964	98112
1965	98112
1966	98112
1967	98112
1968	98112
1969	98112
1970	98112
1971	98115
1971	98115
1971	98115
1971	98115
1971	98115
1971	98115
1971	98115
1971	98115
1971	98115
1971	98115
1971	98115
1971	98115
1971	98115
1971	98115
1972	98115
1972	98115
1972	98115
1972	98115
1972	98115
1972	98115
1972	98115
1972	98115
1972	98115
1972	98115
1972	98115
1972	98115
1972	98115
1973	98115
1973	98115
1973	98115
1973	98115
1973	98115
1973	98115
1973	98115
1973	98115
1973	98115
1974	98115
1974	98115
1974	98115
1974	98115
1974	98115
1974	98115
1974	98115
1975	98115
1975	98115
1975	98115
1975	98115
1975	98115
1975	98115
1975	98115
1976	98115
1976	98115
1976	98115
1976	98115
1976	98115
1976	98115
1976	98115
1977	98115
1977	98115
1977	98115
1977	98115
1977	98115
1977	98115
1978	98115
1978	98115
1978	98115
1978	98115
1978	98115
1978	98115
1979	98115
1979	98115
1979	98115
1979	98115
1979	98115
1979	98115
1980	98115
1980	98115
1980	98115
1980	98115
1980	98115
1981	98115
1981	98115
1981	98115
1981	98115
1981	98115
1982	98115
1982	98115
1982	98115
1982	98115
1982	98115
1983	98115
1983	98115
1983	98115
1983	98115
1983	98115
1984	98115
1984	98115
1984	98115
1984	98115
1984	98115
1985	98115
1985	98115
1985	98115
1985	98115
1985	98115
1986	98115
1986	98115
1986	98115
1986	98115
1987	98115
1987	98115
1987	98115
1987	98115
1988	98115
1988	98115
1988	98115
1988	98115
1989	98115
1989	98115
1989	98115
1989	98115
1990	98115
1990	98115
1990	98115
1990	98115
1991	98115
1991	98115
1991	98115
1991	98115
1992	98115
1992	98115
1992	98115
1992	98115
1993	98115
1993	98115
1993	98115
1993	98115
1994	98115
1994	98115
1994	98115
1995	98115
1995	98115
1995	98115
1996	98115
1996	98115
1996	98115
1997	98115
1997	98115
1997	98115
1998	98115
1998	98115
1998	98115
1999	98115
1999	98115
1999	98115
2000	98115
2000	98115
2000	98115
2001	98115
2001	98115
2001	98115
2002	98115
2002	98115
2002	98115
2003	98115
2003	98115
2003	98115
2004	98115
2004	98115
2004	98115
2005	98115
2005	98115
2005	98115
2006	98115
2006	98115
2006	98115
2007	98115
2007	98115
2007	98115
2008	98115
2008	98115
2008	98115
2009	98115
2009	98115
2009	98115
2010	98115
2010	98115
2011	98115
2011	98115
2012	98115
2012	98115
2013	98115
2013	98115
2014	98115
2014	98115
2015	98115
2015	98115
2016	98115
2016	98115
2017	98115
2017	98115
2018	98115
2018	98115
2019	98115
2019	98115
2020	98115
2020	98115
2021	98115
2021	98115
2022	98115
2022	98115
2023	98115
2023	98115
2024	98115
2024	98115
2025	98115
2025	98115
2026	98115
2026	98115
2027	98115
2027	98115
2028	98115
2028	98115
2029	98115
2029	98115
2030	98115
2030	98115
2031	98115
2031	98115
2032	98115
2032	98115
2033	98115
2033	98115
2034	98115
2034	98115
2035	98115
2035	98115
2036	98115
2036	98115
2037	98115
2037	98115
2038	98115
2038	98115
2039	98115
2039	98115
2040	98115
2040	98115
2041	98115
2041	98115
2042	98115
2042	98115
2043	98115
2043	98115
2044	98115
2044	98115
2045	98115
2045	98115
2046	98115
2046	98115
2047	98115
2047	98115
2048	98115
2048	98115
2049	98115
2049	98115
2050	98115
2050	98115
2051	98115
2051	98115
2052	98115
2052	98115
2053	98115
2053	98115
2054	98115
2054	98115
2055	98115
2055	98115
2056	98115
2056	98115
2057	98115
2057	98115
2058	98115
2058	98115
2059	98115
2059	98115
2060	98115
2060	98115
2061	98115
2061	98115
2062	98115
2062	98115
2063	98115
2063	98115
2064	98115
2064	98115
2065	98115
2065	98115
2066	98115
2066	98115
2067	98115
2067	98115
2068	98115
2068	98115
2069	98115
2069	98115
2070	98115
2070	98115
2071	98115
2071	98115
2072	98115
2072	98115
2073	98115
2073	98115
2074	98115
2074	98115
2075	98115
2075	98115
2076	98115
2077	98115
2078	98115
2079	98115
2080	98115
2081	98115
2082	98115
2083	98115
2084	98115
2085	98115
2086	98115
2087	98115
2088	98115
2089	98115
2090	98115
2091	98115
2092	98115
2093	98115
2094	98115
2095	98115
2096	98115
2097	98115
2098	98115
2099	98115
2100	98115
2101	98115
2102	98115
2103	98115
2104	98115
2105	98115
2106	98115
2107	98115
2108	98115
2109	98115
2110	98115
2111	98115
2112	98115
2113	98115
2114	98115
2115	98115
2116	98115
2117	98115
2118	98115
2119	98115
2120	98115
2121	98115
2122	98115
2123	98115
2124	98115
2125	98115
2126	98115
2127	98115
2128	98115
2129	98115
2130	98115
2131	98115
2132	98115
2133	98115
2134	98115
2135	98115
2136	98115
2137	98115
2138	98115
2139	98115
2140	98115
2141	98115
2142	98115
2143	98115
2144	98115
2145	98115
2146	98115
2147	98115
2148	98115
2149	98115
2150	98115
2151	98115
2152	98115
2153	98115
2154	98115
2155	98115
2156	98115
2157	98115
2158	98115
2159	98115
2160	98115
2161	98115
2162	98115
2163	98115
2164	98115
2165	98115
2166	98115
2167	98115
2168	98115
2169	98115
2170	98115
2171	98115
2172	98115
2173	98115
2174	98115
2175	98115
2176	98115
2177	98115
2178	98115
2179	98115
2180	98115
2181	98115
2182	98115
2183	98115
2184	98115
2185	98115
2186	98115
2187	98115
2188	98115
2189	98115
2190	98115
2191	98115
2192	98115
2193	98115
2194	98115
2195	98115
2196	98115
2197	98115
2198	98115
2199	98115
2200	98115
2201	98115
2202	98115
2203	98115
2204	98115
2205	98115
2206	98115
2207	98115
2208	98115
2209	98115
2210	98115
2211	98115
2212	98115
2213	98115
2214	98115
2215	98115
2216	98115
2217	98115
2218	98115
2219	98115
2220	98115
2221	98115
2222	98115
2223	98115
2224	98115
2225	98115
2226	98115
2227	98115
2228	98115
2229	98115
2230	98115
2231	98115
2232	98115
2233	98115
2234	98115
2235	98115
2236	98115
2237	98115
2238	98115
2239	98115
2240	98115
2241	98115
2242	98115
2243	98115
2244	98115
2245	98115
2246	98115
2247	98115
2248	98115
2249	98115
2250	98115
2251	98115
2252	98115
2253	98115
2254	98115
2255	98115
2256	98115
2257	98115
2258	98115
2259	98115
2260	98115
2261	98115
2262	98115
2263	98115
2264	98115
2265	98115
2266	98115
2267	98115
2268	98115
2269	98115
2270	98115
2271	98115
2272	98115
2273	98115
2274	98115
2275	98115
2276	98115
2277	98115
2278	98115
2279	98115
2280	98115
2281	98115
2282	98115
2283	98115
2284	98115
2285	98115
2286	98115
2287	98115
2288	98115
2289	98115
2290	98115
2291	98115
2292	98115
2293	98115
2294	98115
2295	98115
2296	98115
2297	98115
2298	98115
2299	98115
2300	98115
2301	98115
2302	98115
2303	98115
2304	98115
2305	98115
2306	98115
2307	98115
2308	98115
2309	98115
2310	98115
2311	98115
2312	98115
2313	98115
2314	98115
2315	98115
2316	98115
2317	98115
2318	98115
2319	98115
2320	98115
2321	98115
2322	98115
2323	98115
2324	98115
2325	98115
2326	98115
2327	98115
2328	98115
2329	98115
2330	98115
2331	98115
2332	98115
2333	98115
2334	98115
2335	98115
2336	98116
2336	98116
2336	98116
2336	98116
2336	98116
2336	98116
2336	98116
2336	98116
2336	98116
2336	98116
2337	98116
2337	98116
2337	98116
2337	98116
2337	98116
2337	98116
2337	98116
2338	98116
2338	98116
2338	98116
2338	98116
2338	98116
2338	98116
2339	98116
2339	98116
2339	98116
2339	98116
2339	98116
2339	98116
2340	98116
2340	98116
2340	98116
2340	98116
2340	98116
2341	98116
2341	98116
2341	98116
2341	98116
2342	98116
2342	98116
2342	98116
2342	98116
2343	98116
2343	98116
2343	98116
2343	98116
2344	98116
2344	98116
2344	98116
2344	98116
2345	98116
2345	98116
2345	98116
2345	98116
2346	98116
2346	98116
2346	98116
2346	98116
2347	98116
2347	98116
2347	98116
2347	98116
2348	98116
2348	98116
2348	98116
2348	98116
2349	98116
2349	98116
2349	98116
2349	98116
2350	98116
2350	98116
2350	98116
2350	98116
2351	98116
2351	98116
2351	98116
2352	98116
2352	98116
2352	98116
2353	98116
2353	98116
2353	98116
2354	98116
2354	98116
2354	98116
2355	98116
2355	98116
2355	98116
2356	98116
2356	98116
2356	98116
2357	98116
2357	98116
2357	98116
2358	98116
2358	98116
2358	98116
2359	98116
2359	98116
2359	98116
2360	98116
2360	98116
2360	98116
2361	98116
2361	98116
2361	98116
2362	98116
2362	98116
2362	98116
2363	98116
2363	98116
2363	98116
2364	98116
2364	98116
2364	98116
2365	98116
2365	98116
2366	98116
2366	98116
2367	98116
2367	98116
2368	98116
2368	98116
2369	98116
2369	98116
2370	98116
2370	98116
2371	98116
2371	98116
2372	98116
2372	98116
2373	98116
2373	98116
2374	98116
2374	98116
2375	98116
2375	98116
2376	98116
2376	98116
2377	98116
2377	98116
2378	98116
2378	98116
2379	98116
2379	98116
2380	98116
2380	98116
2381	98116
2381	98116
2382	98116
2382	98116
2383	98116
2383	98116
2384	98116
2384	98116
2385	98116
2385	98116
2386	98116
2386	98116
2387	98116
2387	98116
2388	98116
2388	98116
2389	98116
2389	98116
2390	98116
2390	98116
2391	98116
2391	98116
2392	98116
2392	98116
2393	98116
2393	98116
2394	98116
2394	98116
2395	98116
2395	98116
2396	98116
2396	98116
2397	98116
2397	98116
2398	98116
2398	98116
2399	98116
2399	98116
2400	98116
2400	98116
2401	98116
2401	98116
2402	98116
2402	98116
2403	98116
2403	98116
2404	98116
2405	98116
2406	98116
2407	98116
2408	98116
2409	98116
2410	98116
2411	98116
2412	98116
2413	98116
2414	98116
2415	98116
2416	98116
2417	98116
2418	98116
2419	98116
2420	98116
2421	98116
2422	98116
2423	98116
2424	98116
2425	98116
2426	98116
2427	98116
2428	98116
2429	98116
2430	98116
2431	98116
2432	98116
2433	98116
2434	98116
2435	98116
2436	98116
2437	98116
2438	98116
2439	98116
2440	98116
2441	98116
2442	98116
2443	98116
2444	98116
2445	98116
2446	98116
2447	98116
2448	98116
2449	98116
2450	98116
2451	98116
2452	98116
2453	98116
2454	98116
2455	98116
2456	98116
2457	98116
2458	98116
2459	98116
2460	98116
2461	98116
2462	98116
2463	98116
2464	98116
2465	98116
2466	98116
2467	98116
2468	98116
2469	98116
2470	98116
2471	98116
2472	98116
2473	98116
2474	98116
2475	98116
2476	98116
2477	98116
2478	98116
2479	98116
2480	98116
2481	98116
2482	98116
2483	98116
2484	98116
2485	98116
2486	98116
2487	98116
2488	98116
2489	98116
2490	98116
2491	98116
2492	98116
2493	98116
2494	98116
2495	98116
2496	98116
2497	98116
2498	98116
2499	98116
2500	98116
2501	98116
2502	98116
2503	98116
2504	98116
2505	98116
2506	98116
2507	98116
2508	98116
2509	98116
2510	98116
2511	98116
2512	98116
2513	98116
2514	98116
2515	98116
2516	98116
2517	98116
2518	98116
2519	98116
2520	98116
2521	98116
2522	98116
2523	98116
2524	98116
2525	98116
2526	98116
2527	98116
2528	98116
2529	98116
2530	98116
2531	98116
2532	98116
2533	98116
2534	98116
2535	98116
2536	98116
2537	98116
2538	98116
2539	98116
2540	98116
2541	98116
2542	98116
2543	98116
2544	98116
2545	98116
2546	98116
2547	98116
2548	98116
2549	98116
2550	98116
2551	98116
2552	98116
2553	98116
2554	98117
2554	98117
2554	98117
2554	98117
2554	98117
2554	98117
2554	98117
2554	98117
2554	98117
2555	98117
2555	98117
2555	98117
2555	98117
2555	98117
2555	98117
2555	98117
2556	98117
2556	98117
2556	98117
2556	98117
2556	98117
2556	98117
2557	98117
2557	98117
2557	98117
2557	98117
2557	98117
2557	98117
2558	98117
2558	98117
2558	98117
2558	98117
2558	98117
2558	98117
2559	98117
2559	98117
2559	98117
2559	98117
2559	98117
2560	98117
2560	98117
2560	98117
2560	98117
2560	98117
2561	98117
2561	98117
2561	98117
2561	98117
2561	98117
2562	98117
2562	98117
2562	98117
2562	98117
2562	98117
2563	98117
2563	98117
2563	98117
2563	98117
2563	98117
2564	98117
2564	98117
2564	98117
2564	98117
2565	98117
2565	98117
2565	98117
2565	98117
2566	98117
2566	98117
2566	98117
2566	98117
2567	98117
2567	98117
2567	98117
2567	98117
2568	98117
2568	98117
2568	98117
2568	98117
2569	98117
2569	98117
2569	98117
2569	98117
2570	98117
2570	98117
2570	98117
2570	98117
2571	98117
2571	98117
2571	98117
2571	98117
2572	98117
2572	98117
2572	98117
2573	98117
2573	98117
2573	98117
2574	98117
2574	98117
2574	98117
2575	98117
2575	98117
2575	98117
2576	98117
2576	98117
2576	98117
2577	98117
2577	98117
2577	98117
2578	98117
2578	98117
2578	98117
2579	98117
2579	98117
2579	98117
2580	98117
2580	98117
2580	98117
2581	98117
2581	98117
2581	98117
2582	98117
2582	98117
2582	98117
2583	98117
2583	98117
2583	98117
2584	98117
2584	98117
2584	98117
2585	98117
2585	98117
2585	98117
2586	98117
2586	98117
2586	98117
2587	98117
2587	98117
2588	98117
2588	98117
2589	98117
2589	98117
2590	98117
2590	98117
2591	98117
2591	98117
2592	98117
2592	98117
2593	98117
2593	98117
2594	98117
2594	98117
2595	98117
2595	98117
2596	98117
2596	98117
2597	98117
2597	98117
2598	98117
2598	98117
2599	98117
2599	98117
2600	98117
2600	98117
2601	98117
2601	98117
2602	98117
2602	98117
2603	98117
2603	98117
2604	98117
2604	98117
2605	98117
2605	98117
2606	98117
2606	98117
2607	98117
2607	98117
2608	98117
2608	98117
2609	98117
2609	98117
2610	98117
2610	98117
2611	98117
2611	98117
2612	98117
2612	98117
2613	98117
2613	98117
2614	98117
2614	98117
2615	98117
2615	98117
2616	98117
2616	98117
2617	98117
2618	98117
2619	98117
2620	98117
2621	98117
2622	98117
2623	98117
2624	98117
2625	98117
2626	98117
2627	98117
2628	98117
2629	98117
2630	98117
2631	98117
2632	98117
2633	98117
2634	98117
2635	98117
2636	98117
2637	98117
2638	98117
2639	98117
2640	98117
2641	98117
2642	98117
2643	98117
2644	98117
2645	98117
2646	98117
2647	98117
2648	98117
2649	98117
2650	98117
2651	98117
2652	98117
2653	98117
2654	98117
2655	98117
2656	98117
2657	98117
2658	98117
2659	98117
2660	98117
2661	98117
2662	98117
2663	98117
2664	98117
2665	98117
2666	98117
2667	98117
2668	98117
2669	98117
2670	98117
2671	98117
2672	98117
2673	98117
2674	98117
2675	98117
2676	98117
2677	98117
2678	98117
2679	98117
2680	98117
2681	98117
2682	98117
2683	98117
2684	98117
2685	98117
2686	98117
2687	98117
2688	98117
2689	98117
2690	98117
2691	98117
2692	98117
2693	98117
2694	98117
2695	98117
2696	98117
2697	98117
2698	98117
2699	98117
2700	98117
2701	98117
2702	98117
2703	98117
2704	98117
2705	98117
2706	98117
2707	98117
2708	98117
2709	98117
2710	98117
2711	98117
2712	98117
2713	98117
2714	98117
2715	98117
2716	98117
2717	98117
2718	98117
2719	98117
2720	98117
2721	98117
2722	98117
2723	98117
2724	98117
2725	98117
2726	98117
2727	98117
2728	98117
2729	98117
2730	98117
2731	98117
2732	98117
2733	98117
2734	98117
2735	98117
2736	98117
2737	98117
2738	98117
2739	98117
2740	98117
2741	98117
2742	98117
2743	98117
2744	98117
2745	98117
2746	98117
2747	98117
2748	98117
2749	98117
2750	98117
2751	98117
2752	98117
2753	98117
2754	98117
2755	98117
2756	98117
2757	98117
2758	98117
2759	98117
2760	98117
2761	98117
2762	98117
2763	98117
2764	98117
2765	98117
2766	98117
2767	98117
2768	98117
2769	98117
2770	98117
2771	98118
2771	98118
2771	98118
2771	98118
2771	98118
2771	98118
2771	98118
2772	98118
2772	98118
2772	98118
2772	98118
2772	98118
2772	98118
2773	98118
2773	98118
2773	98118
2773	98118
2773	98118
2774	98118
2774	98118
2774	98118
2774	98118
2774	98118
2775	98118
2775	98118
2775	98118
2775	98118
2775	98118
2776	98118
2776	98118
2776	98118
2776	98118
2777	98118
2777	98118
2777	98118
2777	98118
2778	98118
2778	98118
2778	98118
2778	98118
2779	98118
2779	98118
2779	98118
2779	98118
2780	98118
2780	98118
2780	98118
2780	98118
2781	98118
2781	98118
2781	98118
2781	98118
2782	98118
2782	98118
2782	98118
2782	98118
2783	98118
2783	98118
2783	98118
2783	98118
2784	98118
2784	98118
2784	98118
2785	98118
2785	98118
2785	98118
2786	98118
2786	98118
2786	98118
2787	98118
2787	98118
2787	98118
2788	98118
2788	98118
2788	98118
2789	98118
2789	98118
2789	98118
2790	98118
2790	98118
2790	98118
2791	98118
2791	98118
2791	98118
2792	98118
2792	98118
2793	98118
2793	98118
2794	98118
2794	98118
2795	98118
2795	98118
2796	98118
2796	98118
2797	98118
2797	98118
2798	98118
2798	98118
2799	98118
2799	98118
2800	98118
2800	98118
2801	98118
2801	98118
2802	98118
2802	98118
2803	98118
2803	98118
2804	98118
2804	98118
2805	98118
2805	98118
2806	98118
2806	98118
2807	98118
2807	98118
2808	98118
2808	98118
2809	98118
2809	98118
2810	98118
2810	98118
2811	98118
2811	98118
2812	98118
2812	98118
2813	98118
2813	98118
2814	98118
2814	98118
2815	98118
2815	98118
2816	98118
2816	98118
2817	98118
2817	98118
2818	98118
2819	98118
2820	98118
2821	98118
2822	98118
2823	98118
2824	98118
2825	98118
2826	98118
2827	98118
2828	98118
2829	98118
2830	98118
2831	98118
2832	98118
2833	98118
2834	98118
2835	98118
2836	98118
2837	98118
2838	98118
2839	98118
2840	98118
2841	98118
2842	98118
2843	98118
2844	98118
2845	98118
2846	98118
2847	98118
2848	98118
2849	98118
2850	98118
2851	98118
2852	98118
2853	98118
2854	98118
2855	98118
2856	98118
2857	98118
2858	98118
2859	98118
2860	98118
2861	98118
2862	98118
2863	98118
2864	98118
2865	98118
2866	98118
2867	98118
2868	98118
2869	98118
2870	98118
2871	98118
2872	98118
2873	98118
2874	98118
2875	98118
2876	98118
2877	98118
2878	98118
2879	98118
2880	98118
2881	98118
2882	98118
2883	98118
2884	98118
2885	98118
2886	98118
2887	98118
2888	98118
2889	98118
2890	98118
2891	98118
2892	98118
2893	98118
2894	98118
2895	98118
2896	98118
2897	98118
2898	98118
2899	98118
2900	98118
2901	98118
2902	98118
2903	98118
2904	98118
2905	98118
2906	98118
2907	98118
2908	98118
2909	98118
2910	98118
2911	98118
2912	98118
2913	98118
2914	98118
2915	98118
2916	98118
2917	98118
2918	98118
2919	98118
2920	98118
2921	98118
2922	98118
2923	98118
2924	98118
2925	98118
2926	98119
2926	98119
2926	98119
2926	98119
2926	98119
2926	98119
2926	98119
2926	98119
2926	98119
2926	98119
2926	98119
2926	98119
2926	98119
2927	98119
2927	98119
2927	98119
2927	98119
2927	98119
2927	98119
2927	98119
2927	98119
2927	98119
2928	98119
2928	98119
2928	98119
2928	98119
2928	98119
2928	98119
2928	98119
2928	98119
2928	98119
2929	98119
2929	98119
2929	98119
2929	98119
2929	98119
2929	98119
2929	98119
2930	98119
2930	98119
2930	98119
2930	98119
2930	98119
2930	98119
2930	98119
2931	98119
2931	98119
2931	98119
2931	98119
2931	98119
2931	98119
2931	98119
2932	98119
2932	98119
2932	98119
2932	98119
2932	98119
2932	98119
2933	98119
2933	98119
2933	98119
2933	98119
2933	98119
2933	98119
2934	98119
2934	98119
2934	98119
2934	98119
2934	98119
2935	98119
2935	98119
2935	98119
2935	98119
2936	98119
2936	98119
2936	98119
2936	98119
2937	98119
2937	98119
2937	98119
2937	98119
2938	98119
2938	98119
2938	98119
2938	98119
2939	98119
2939	98119
2939	98119
2939	98119
2940	98119
2940	98119
2940	98119
2940	98119
2941	98119
2941	98119
2941	98119
2941	98119
2942	98119
2942	98119
2942	98119
2942	98119
2943	98119
2943	98119
2943	98119
2944	98119
2944	98119
2944	98119
2945	98119
2945	98119
2945	98119
2946	98119
2946	98119
2946	98119
2947	98119
2947	98119
2947	98119
2948	98119
2948	98119
2948	98119
2949	98119
2949	98119
2949	98119
2950	98119
2950	98119
2950	98119
2951	98119
2951	98119
2951	98119
2952	98119
2952	98119
2952	98119
2953	98119
2953	98119
2953	98119
2954	98119
2954	98119
2954	98119
2955	98119
2955	98119
2955	98119
2956	98119
2956	98119
2956	98119
2957	98119
2957	98119
2957	98119
2958	98119
2958	98119
2959	98119
2959	98119
2960	98119
2960	98119
2961	98119
2961	98119
2962	98119
2962	98119
2963	98119
2963	98119
2964	98119
2964	98119
2965	98119
2965	98119
2966	98119
2966	98119
2967	98119
2967	98119
2968	98119
2968	98119
2969	98119
2969	98119
2970	98119
2970	98119
2971	98119
2971	98119
2972	98119
2972	98119
2973	98119
2973	98119
2974	98119
2974	98119
2975	98119
2975	98119
2976	98119
2976	98119
2977	98119
2977	98119
2978	98119
2978	98119
2979	98119
2979	98119
2980	98119
2980	98119
2981	98119
2981	98119
2982	98119
2982	98119
2983	98119
2983	98119
2984	98119
2984	98119
2985	98119
2985	98119
2986	98119
2986	98119
2987	98119
2987	98119
2988	98119
2988	98119
2989	98119
2989	98119
2990	98119
2990	98119
2991	98119
2991	98119
2992	98119
2992	98119
2993	98119
2993	98119
2994	98119
2994	98119
2995	98119
2995	98119
2996	98119
2996	98119
2997	98119
2997	98119
2998	98119
2998	98119
2999	98119
2999	98119
3000	98119
3001	98119
3002	98119
3003	98119
3004	98119
3005	98119
3006	98119
3007	98119
3008	98119
3009	98119
3010	98119
3011	98119
3012	98119
3013	98119
3014	98119
3015	98119
3016	98119
3017	98119
3018	98119
3019	98119
3020	98119
3021	98119
3022	98119
3023	98119
3024	98119
3025	98119
3026	98119
3027	98119
3028	98119
3029	98119
3030	98119
3031	98119
3032	98119
3033	98119
3034	98119
3035	98119
3036	98119
3037	98119
3038	98119
3039	98119
3040	98119
3041	98119
3042	98119
3043	98119
3044	98119
3045	98119
3046	98119
3047	98119
3048	98119
3049	98119
3050	98119
3051	98119
3052	98119
3053	98119
3054	98119
3055	98119
3056	98119
3057	98119
3058	98119
3059	98119
3060	98119
3061	98119
3062	98119
3063	98119
3064	98119
3065	98119
3066	98119
3067	98119
3068	98119
3069	98119
3070	98119
3071	98119
3072	98119
3073	98119
3074	98119
3075	98119
3076	98119
3077	98119
3078	98119
3079	98119
3080	98119
3081	98119
3082	98119
3083	98119
3084	98119
3085	98119
3086	98119
3087	98119
3088	98119
3089	98119
3090	98119
3091	98119
3092	98119
3093	98119
3094	98119
3095	98119
3096	98119
3097	98119
3098	98119
3099	98119
3100	98119
3101	98119
3102	98119
3103	98119
3104	98119
3105	98119
3106	98119
3107	98119
3108	98119
3109	98119
3110	98119
3111	98119
3112	98119
3113	98119
3114	98119
3115	98119
3116	98119
3117	98119
3118	98119
3119	98119
3120	98119
3121	98119
3122	98119
3123	98119
3124	98119
3125	98119
3126	98119
3127	98119
3128	98119
3129	98119
3130	98119
3131	98119
3132	98119
3133	98119
3134	98119
3135	98119
3136	98119
3137	98119
3138	98119
3139	98119
3140	98119
3141	98119
3142	98119
3143	98121
3143	98121
3143	98121
3143	98121
3143	98121
3143	98121
3143	98121
3143	98121
3143	98121
3144	98121
3144	98121
3144	98121
3144	98121
3144	98121
3144	98121
3144	98121
3144	98121
3145	98121
3145	98121
3145	98121
3145	98121
3145	98121
3145	98121
3145	98121
3146	98121
3146	98121
3146	98121
3146	98121
3146	98121
3146	98121
3147	98121
3147	98121
3147	98121
3147	98121
3147	98121
3147	98121
3148	98121
3148	98121
3148	98121
3148	98121
3148	98121
3148	98121
3149	98121
3149	98121
3149	98121
3149	98121
3149	98121
3149	98121
3150	98121
3150	98121
3150	98121
3150	98121
3150	98121
3151	98121
3151	98121
3151	98121
3151	98121
3151	98121
3152	98121
3152	98121
3152	98121
3152	98121
3153	98121
3153	98121
3153	98121
3153	98121
3154	98121
3154	98121
3154	98121
3154	98121
3155	98121
3155	98121
3155	98121
3155	98121
3156	98121
3156	98121
3156	98121
3156	98121
3157	98121
3157	98121
3157	98121
3157	98121
3158	98121
3158	98121
3158	98121
3159	98121
3159	98121
3159	98121
3160	98121
3160	98121
3160	98121
3161	98121
3161	98121
3161	98121
3162	98121
3162	98121
3162	98121
3163	98121
3163	98121
3163	98121
3164	98121
3164	98121
3164	98121
3165	98121
3165	98121
3165	98121
3166	98121
3166	98121
3166	98121
3167	98121
3167	98121
3167	98121
3168	98121
3168	98121
3168	98121
3169	98121
3169	98121
3169	98121
3170	98121
3170	98121
3171	98121
3171	98121
3172	98121
3172	98121
3173	98121
3173	98121
3174	98121
3174	98121
3175	98121
3175	98121
3176	98121
3176	98121
3177	98121
3177	98121
3178	98121
3178	98121
3179	98121
3179	98121
3180	98121
3180	98121
3181	98121
3181	98121
3182	98121
3182	98121
3183	98121
3183	98121
3184	98121
3184	98121
3185	98121
3185	98121
3186	98121
3186	98121
3187	98121
3187	98121
3188	98121
3188	98121
3189	98121
3189	98121
3190	98121
3190	98121
3191	98121
3191	98121
3192	98121
3192	98121
3193	98121
3193	98121
3194	98121
3194	98121
3195	98121
3195	98121
3196	98121
3196	98121
3197	98121
3197	98121
3198	98121
3198	98121
3199	98121
3199	98121
3200	98121
3200	98121
3201	98121
3202	98121
3203	98121
3204	98121
3205	98121
3206	98121
3207	98121
3208	98121
3209	98121
3210	98121
3211	98121
3212	98121
3213	98121
3214	98121
3215	98121
3216	98121
3217	98121
3218	98121
3219	98121
3220	98121
3221	98121
3222	98121
3223	98121
3224	98121
3225	98121
3226	98121
3227	98121
3228	98121
3229	98121
3230	98121
3231	98121
3232	98121
3233	98121
3234	98121
3235	98121
3236	98121
3237	98121
3238	98121
3239	98121
3240	98121
3241	98121
3242	98121
3243	98121
3244	98121
3245	98121
3246	98121
3247	98121
3248	98121
3249	98121
3250	98121
3251	98121
3252	98121
3253	98121
3254	98121
3255	98121
3256	98121
3257	98121
3258	98121
3259	98121
3260	98121
3261	98121
3262	98121
3263	98121
3264	98121
3265	98121
3266	98121
3267	98121
3268	98121
3269	98121
3270	98121
3271	98121
3272	98121
3273	98121
3274	98121
3275	98121
3276	98121
3277	98121
3278	98121
3279	98121
3280	98121
3281	98121
3282	98121
3283	98121
3284	98121
3285	98121
3286	98121
3287	98121
3288	98121
3289	98121
3290	98121
3291	98121
3292	98121
3293	98121
3294	98121
3295	98121
3296	98121
3297	98121
3298	98121
3299	98121
3300	98121
3301	98121
3302	98121
3303	98121
3304	98121
3305	98121
3306	98121
3307	98121
3308	98121
3309	98121
3310	98121
3311	98121
3312	98121
3313	98121
3314	98121
3315	98121
3316	98121
3317	98121
3318	98121
3319	98121
3320	98121
3321	98121
3322	98122
3322	98122
3322	98122
3322	98122
3322	98122
3322	98122
3322	98122
3322	98122
3323	98122
3323	98122
3323	98122
3323	98122
3323	98122
3324	98122
3324	98122
3324	98122
3324	98122
3324	98122
3325	98122
3325	98122
3325	98122
3325	98122
3325	98122
3326	98122
3326	98122
3326	98122
3326	98122
3327	98122
3327	98122
3327	98122
3327	98122
3328	98122
3328	98122
3328	98122
3328	98122
3329	98122
3329	98122
3329	98122
3329	98122
3330	98122
3330	98122
3330	98122
3330	98122
3331	98122
3331	98122
3331	98122
3331	98122
3332	98122
3332	98122
3332	98122
3332	98122
3333	98122
3333	98122
3333	98122
3333	98122
3334	98122
3334	98122
3334	98122
3335	98122
3335	98122
3335	98122
3336	98122
3336	98122
3336	98122
3337	98122
3337	98122
3337	98122
3338	98122
3338	98122
3338	98122
3339	98122
3339	98122
3339	98122
3340	98122
3340	98122
3340	98122
3341	98122
3341	98122
3341	98122
3342	98122
3342	98122
3342	98122
3343	98122
3343	98122
3343	98122
3344	98122
3344	98122
3344	98122
3345	98122
3345	98122
3345	98122
3346	98122
3346	98122
3346	98122
3347	98122
3347	98122
3347	98122
3348	98122
3348	98122
3348	98122
3349	98122
3349	98122
3349	98122
3350	98122
3350	98122
3350	98122
3351	98122
3351	98122
3351	98122
3352	98122
3352	98122
3352	98122
3353	98122
3353	98122
3353	98122
3354	98122
3354	98122
3354	98122
3355	98122
3355	98122
3355	98122
3356	98122
3356	98122
3357	98122
3357	98122
3358	98122
3358	98122
3359	98122
3359	98122
3360	98122
3360	98122
3361	98122
3361	98122
3362	98122
3362	98122
3363	98122
3363	98122
3364	98122
3364	98122
3365	98122
3365	98122
3366	98122
3366	98122
3367	98122
3367	98122
3368	98122
3368	98122
3369	98122
3369	98122
3370	98122
3370	98122
3371	98122
3371	98122
3372	98122
3372	98122
3373	98122
3373	98122
3374	98122
3374	98122
3375	98122
3375	98122
3376	98122
3376	98122
3377	98122
3377	98122
3378	98122
3378	98122
3379	98122
3379	98122
3380	98122
3380	98122
3381	98122
3381	98122
3382	98122
3382	98122
3383	98122
3383	98122
3384	98122
3384	98122
3385	98122
3385	98122
3386	98122
3386	98122
3387	98122
3387	98122
3388	98122
3388	98122
3389	98122
3389	98122
3390	98122
3390	98122
3391	98122
3391	98122
3392	98122
3392	98122
3393	98122
3393	98122
3394	98122
3394	98122
3395	98122
3396	98122
3397	98122
3398	98122
3399	98122
3400	98122
3401	98122
3402	98122
3403	98122
3404	98122
3405	98122
3406	98122
3407	98122
3408	98122
3409	98122
3410	98122
3411	98122
3412	98122
3413	98122
3414	98122
3415	98122
3416	98122
3417	98122
3418	98122
3419	98122
3420	98122
3421	98122
3422	98122
3423	98122
3424	98122
3425	98122
3426	98122
3427	98122
3428	98122
3429	98122
3430	98122
3431	98122
3432	98122
3433	98122
3434	98122
3435	98122
3436	98122
3437	98122
3438	98122
3439	98122
3440	98122
3441	98122
3442	98122
3443	98122
3444	98122
3445	98122
3446	98122
3447	98122
3448	98122
3449	98122
3450	98122
3451	98122
3452	98122
3453	98122
3454	98122
3455	98122
3456	98122
3457	98122
3458	98122
3459	98122
3460	98122
3461	98122
3462	98122
3463	98122
3464	98122
3465	98122
3466	98122
3467	98122
3468	98122
3469	98122
3470	98122
3471	98122
3472	98122
3473	98122
3474	98122
3475	98122
3476	98122
3477	98122
3478	98122
3479	98122
3480	98122
3481	98122
3482	98122
3483	98122
3484	98122
3485	98122
3486	98122
3487	98122
3488	98122
3489	98122
3490	98122
3491	98122
3492	98122
3493	98122
3494	98122
3495	98122
3496	98122
3497	98122
3498	98122
3499	98122
3500	98122
3501	98122
3502	98122
3503	98122
3504	98122
3505	98122
3506	98122
3507	98122
3508	98122
3509	98122
3510	98122
3511	98122
3512	98122
3513	98122
3514	98122
3515	98122
3516	98122
3517	98122
3518	98122
3519	98122
3520	98122
3521	98122
3522	98122
3523	98122
3524	98122
3525	98122
3526	98122
3527	98122
3528	98122
3529	98122
3530	98122
3531	98122
3532	98122
3533	98122
3534	98122
3535	98122
3536	98122
3537	98122
3538	98122
3539	98122
3540	98122
3541	98122
3542	98122
3543	98122
3544	98122
3545	98122
3546	98122
3547	98122
3548	98122
3549	98122
3550	98125
3550	98125
3550	98125
3550	98125
3550	98125
3550	98125
3550	98125
3550	98125
3551	98125
3551	98125
3551	98125
3551	98125
3551	98125
3551	98125
3552	98125
3552	98125
3552	98125
3552	98125
3552	98125
3552	98125
3553	98125
3553	98125
3553	98125
3553	98125
3553	98125
3553	98125
3554	98125
3554	98125
3554	98125
3554	98125
3554	98125
3555	98125
3555	98125
3555	98125
3555	98125
3555	98125
3556	98125
3556	98125
3556	98125
3556	98125
3556	98125
3557	98125
3557	98125
3557	98125
3557	98125
3557	98125
3558	98125
3558	98125
3558	98125
3558	98125
3558	98125
3559	98125
3559	98125
3559	98125
3559	98125
3560	98125
3560	98125
3560	98125
3560	98125
3561	98125
3561	98125
3561	98125
3561	98125
3562	98125
3562	98125
3562	98125
3562	98125
3563	98125
3563	98125
3563	98125
3563	98125
3564	98125
3564	98125
3564	98125
3564	98125
3565	98125
3565	98125
3565	98125
3565	98125
3566	98125
3566	98125
3566	98125
3566	98125
3567	98125
3567	98125
3567	98125
3568	98125
3568	98125
3568	98125
3569	98125
3569	98125
3569	98125
3570	98125
3570	98125
3570	98125
3571	98125
3571	98125
3571	98125
3572	98125
3572	98125
3572	98125
3573	98125
3573	98125
3573	98125
3574	98125
3574	98125
3574	98125
3575	98125
3575	98125
3575	98125
3576	98125
3576	98125
3577	98125
3577	98125
3578	98125
3578	98125
3579	98125
3579	98125
3580	98125
3580	98125
3581	98125
3581	98125
3582	98125
3582	98125
3583	98125
3583	98125
3584	98125
3584	98125
3585	98125
3585	98125
3586	98125
3586	98125
3587	98125
3587	98125
3588	98125
3588	98125
3589	98125
3589	98125
3590	98125
3590	98125
3591	98125
3591	98125
3592	98125
3592	98125
3593	98125
3593	98125
3594	98125
3594	98125
3595	98125
3595	98125
3596	98125
3596	98125
3597	98125
3597	98125
3598	98125
3598	98125
3599	98125
3599	98125
3600	98125
3600	98125
3601	98125
3601	98125
3602	98125
3602	98125
3603	98125
3603	98125
3604	98125
3604	98125
3605	98125
3605	98125
3606	98125
3606	98125
3607	98125
3607	98125
3608	98125
3608	98125
3609	98125
3609	98125
3610	98125
3610	98125
3611	98125
3611	98125
3612	98125
3613	98125
3614	98125
3615	98125
3616	98125
3617	98125
3618	98125
3619	98125
3620	98125
3621	98125
3622	98125
3623	98125
3624	98125
3625	98125
3626	98125
3627	98125
3628	98125
3629	98125
3630	98125
3631	98125
3632	98125
3633	98125
3634	98125
3635	98125
3636	98125
3637	98125
3638	98125
3639	98125
3640	98125
3641	98125
3642	98125
3643	98125
3644	98125
3645	98125
3646	98125
3647	98125
3648	98125
3649	98125
3650	98125
3651	98125
3652	98125
3653	98125
3654	98125
3655	98125
3656	98125
3657	98125
3658	98125
3659	98125
3660	98125
3661	98125
3662	98125
3663	98125
3664	98125
3665	98125
3666	98125
3667	98125
3668	98125
3669	98125
3670	98125
3671	98125
3672	98125
3673	98125
3674	98125
3675	98125
3676	98125
3677	98125
3678	98125
3679	98125
3680	98125
3681	98125
3682	98125
3683	98125
3684	98125
3685	98125
3686	98125
3687	98125
3688	98125
3689	98125
3690	98125
3691	98125
3692	98125
3693	98125
3694	98125
3695	98125
3696	98125
3697	98125
3698	98125
3699	98125
3700	98125
3701	98125
3702	98125
3703	98125
3704	98125
3705	98125
3706	98125
3707	98125
3708	98125
3709	98125
3710	98125
3711	98125
3712	98125
3713	98125
3714	98125
3715	98125
3716	98125
3717	98125
3718	98125
3719	98125
3720	98125
3721	98125
3722	98125
3723	98125
3724	98125
3725	98125
3726	98125
3727	98125
3728	98125
3729	98125
3730	98125
3731	98125
3732	98125
3733	98125
3734	98125
3735	98125
3736	98125
3737	98125
3738	98125
3739	98125
3740	98125
3741	98125
3742	98125
3743	98125
3744	98125
3745	98125
3746	98125
3747	98125
3748	98125
3749	98125
3750	98125
3751	98125
3752	98125
3753	98125
3754	98125
3755	98125
3756	98125
3757	98125
3758	98125
3759	98125
3760	98125
3761	98125
3762	98125
3763	98125
3764	98125
3765	98125
3766	98125
3767	98125
3768	98125
3769	98125
3770	98125
3771	98125
3772	98125
3773	98125
3774	98125
3775	98125
3776	98125
3777	98125
3778	98125
3779	98125
3780	98125
3781	98125
3782	98125
3783	98125
3784	98125
3785	98125
3786	98125
3787	98125
3788	98125
3789	98125
3790	98125
3791	98125
3792	98125
3793	98125
3794	98125
3795	98125
3796	98126
3796	98126
3796	98126
3796	98126
3796	98126
3796	98126
3796	98126
3796	98126
3796	98126
3796	98126
3797	98126
3797	98126
3797	98126
3797	98126
3797	98126
3797	98126
3797	98126
3797	98126
3798	98126
3798	98126
3798	98126
3798	98126
3798	98126
3798	98126
3799	98126
3799	98126
3799	98126
3799	98126
3799	98126
3800	98126
3800	98126
3800	98126
3800	98126
3800	98126
3801	98126
3801	98126
3801	98126
3801	98126
3802	98126
3802	98126
3802	98126
3802	98126
3803	98126
3803	98126
3803	98126
3803	98126
3804	98126
3804	98126
3804	98126
3804	98126
3805	98126
3805	98126
3805	98126
3805	98126
3806	98126
3806	98126
3806	98126
3807	98126
3807	98126
3807	98126
3808	98126
3808	98126
3808	98126
3809	98126
3809	98126
3810	98126
3810	98126
3811	98126
3811	98126
3812	98126
3812	98126
3813	98126
3813	98126
3814	98126
3814	98126
3815	98126
3815	98126
3816	98126
3816	98126
3817	98126
3817	98126
3818	98126
3818	98126
3819	98126
3819	98126
3820	98126
3820	98126
3821	98126
3821	98126
3822	98126
3822	98126
3823	98126
3823	98126
3824	98126
3824	98126
3825	98126
3825	98126
3826	98126
3826	98126
3827	98126
3827	98126
3828	98126
3829	98126
3830	98126
3831	98126
3832	98126
3833	98126
3834	98126
3835	98126
3836	98126
3837	98126
3838	98126
3839	98126
3840	98126
3841	98126
3842	98126
3843	98126
3844	98126
3845	98126
3846	98126
3847	98126
3848	98126
3849	98126
3850	98126
3851	98126
3852	98126
3853	98126
3854	98126
3855	98126
3856	98126
3857	98126
3858	98126
3859	98126
3860	98126
3861	98126
3862	98126
3863	98126
3864	98126
3865	98126
3866	98126
3867	98126
3868	98126
3869	98126
3870	98126
3871	98126
3872	98126
3873	98126
3874	98126
3875	98126
3876	98126
3877	98126
3878	98126
3879	98126
3880	98126
3881	98126
3882	98126
3883	98126
3884	98126
3885	98126
3886	98126
3887	98126
3888	98126
3889	98126
3890	98126
3891	98126
3892	98126
3893	98126
3894	98126
3895	98126
3896	98126
3897	98126
3898	98126
3899	98126
3900	98126
3901	98126
3902	98126
3903	98126
3904	98126
3905	98126
3906	98126
3907	98126
3908	98126
3909	98126
3910	98126
3911	98126
3912	98126
3913	98126
3914	98126
3915	98126
3916	98126
3917	98126
3918	98126
3919	98126
3920	98126
3921	98126
3922	98126
3923	98126
3924	98126
3925	98126
3926	98126
3927	98126
3928	98126
3929	98126
3930	98126
3931	98126
3932	98126
3933	98126
3934	98126
3935	98126
3936	98126
3937	98133
3937	98133
3937	98133
3937	98133
3937	98133
3937	98133
3937	98133
3937	98133
3938	98133
3938	98133
3938	98133
3938	98133
3938	98133
3938	98133
3938	98133
3939	98133
3939	98133
3939	98133
3939	98133
3939	98133
3939	98133
3939	98133
3940	98133
3940	98133
3940	98133
3940	98133
3940	98133
3940	98133
3940	98133
3941	98133
3941	98133
3941	98133
3941	98133
3941	98133
3941	98133
3941	98133
3942	98133
3942	98133
3942	98133
3942	98133
3942	98133
3942	98133
3943	98133
3943	98133
3943	98133
3943	98133
3943	98133
3944	98133
3944	98133
3944	98133
3944	98133
3944	98133
3945	98133
3945	98133
3945	98133
3945	98133
3946	98133
3946	98133
3946	98133
3946	98133
3947	98133
3947	98133
3947	98133
3947	98133
3948	98133
3948	98133
3948	98133
3948	98133
3949	98133
3949	98133
3949	98133
3949	98133
3950	98133
3950	98133
3950	98133
3951	98133
3951	98133
3951	98133
3952	98133
3952	98133
3952	98133
3953	98133
3953	98133
3953	98133
3954	98133
3954	98133
3954	98133
3955	98133
3955	98133
3955	98133
3956	98133
3956	98133
3956	98133
3957	98133
3957	98133
3957	98133
3958	98133
3958	98133
3958	98133
3959	98133
3959	98133
3959	98133
3960	98133
3960	98133
3960	98133
3961	98133
3961	98133
3961	98133
3962	98133
3962	98133
3962	98133
3963	98133
3963	98133
3963	98133
3964	98133
3964	98133
3964	98133
3965	98133
3965	98133
3965	98133
3966	98133
3966	98133
3966	98133
3967	98133
3967	98133
3967	98133
3968	98133
3968	98133
3968	98133
3969	98133
3969	98133
3969	98133
3970	98133
3970	98133
3970	98133
3971	98133
3971	98133
3971	98133
3972	98133
3972	98133
3972	98133
3973	98133
3973	98133
3973	98133
3974	98133
3974	98133
3974	98133
3975	98133
3975	98133
3975	98133
3976	98133
3976	98133
3977	98133
3977	98133
3978	98133
3978	98133
3979	98133
3979	98133
3980	98133
3980	98133
3981	98133
3981	98133
3982	98133
3982	98133
3983	98133
3983	98133
3984	98133
3984	98133
3985	98133
3985	98133
3986	98133
3986	98133
3987	98133
3987	98133
3988	98133
3988	98133
3989	98133
3989	98133
3990	98133
3990	98133
3991	98133
3991	98133
3992	98133
3992	98133
3993	98133
3993	98133
3994	98133
3994	98133
3995	98133
3995	98133
3996	98133
3996	98133
3997	98133
3997	98133
3998	98133
3998	98133
3999	98133
3999	98133
4000	98133
4000	98133
4001	98133
4001	98133
4002	98133
4002	98133
4003	98133
4003	98133
4004	98133
4004	98133
4005	98133
4005	98133
4006	98133
4006	98133
4007	98133
4007	98133
4008	98133
4008	98133
4009	98133
4009	98133
4010	98133
4010	98133
4011	98133
4011	98133
4012	98133
4012	98133
4013	98133
4013	98133
4014	98133
4014	98133
4015	98133
4015	98133
4016	98133
4016	98133
4017	98133
4017	98133
4018	98133
4018	98133
4019	98133
4019	98133
4020	98133
4020	98133
4021	98133
4021	98133
4022	98133
4022	98133
4023	98133
4023	98133
4024	98133
4024	98133
4025	98133
4025	98133
4026	98133
4026	98133
4027	98133
4027	98133
4028	98133
4028	98133
4029	98133
4030	98133
4031	98133
4032	98133
4033	98133
4034	98133
4035	98133
4036	98133
4037	98133
4038	98133
4039	98133
4040	98133
4041	98133
4042	98133
4043	98133
4044	98133
4045	98133
4046	98133
4047	98133
4048	98133
4049	98133
4050	98133
4051	98133
4052	98133
4053	98133
4054	98133
4055	98133
4056	98133
4057	98133
4058	98133
4059	98133
4060	98133
4061	98133
4062	98133
4063	98133
4064	98133
4065	98133
4066	98133
4067	98133
4068	98133
4069	98133
4070	98133
4071	98133
4072	98133
4073	98133
4074	98133
4075	98133
4076	98133
4077	98133
4078	98133
4079	98133
4080	98133
4081	98133
4082	98133
4083	98133
4084	98133
4085	98133
4086	98133
4087	98133
4088	98133
4089	98133
4090	98133
4091	98133
4092	98133
4093	98133
4094	98133
4095	98133
4096	98133
4097	98133
4098	98133
4099	98133
4100	98133
4101	98133
4102	98133
4103	98133
4104	98133
4105	98133
4106	98133
4107	98133
4108	98133
4109	98133
4110	98133
4111	98133
4112	98133
4113	98133
4114	98133
4115	98133
4116	98133
4117	98133
4118	98133
4119	98133
4120	98133
4121	98133
4122	98133
4123	98133
4124	98133
4125	98133
4126	98133
4127	98133
4128	98133
4129	98133
4130	98133
4131	98133
4132	98133
4133	98133
4134	98133
4135	98133
4136	98133
4137	98133
4138	98133
4139	98133
4140	98133
4141	98133
4142	98133
4143	98133
4144	98133
4145	98133
4146	98133
4147	98133
4148	98133
4149	98133
4150	98133
4151	98133
4152	98133
4153	98133
4154	98133
4155	98133
4156	98133
4157	98133
4158	98133
4159	98133
4160	98133
4161	98133
4162	98133
4163	98133
4164	98133
4165	98133
4166	98133
4167	98133
4168	98133
4169	98133
4170	98133
4171	98133
4172	98133
4173	98133
4174	98133
4175	98133
4176	98133
4177	98133
4178	98133
4179	98133
4180	98133
4181	98133
4182	98133
4183	98133
4184	98133
4185	98133
4186	98133
4187	98133
4188	98133
4189	98133
4190	98133
4191	98133
4192	98133
4193	98133
4194	98133
4195	98133
4196	98133
4197	98133
4198	98133
4199	98133
4200	98133
4201	98133
4202	98133
4203	98133
4204	98133
4205	98133
4206	98133
4207	98133
4208	98133
4209	98133
4210	98133
4211	98133
4212	98133
4213	98133
4214	98133
4215	98133
4216	98133
4217	98133
4218	98133
4219	98133
4220	98133
4221	98133
4222	98133
4223	98133
4224	98133
4225	98133
4226	98133
4227	98133
4228	98133
4229	98133
4230	98133
4231	98133
4232	98133
4233	98133
4234	98133
4235	98133
4236	98133
4237	98133
4238	98133
4239	98133
4240	98133
4241	98133
4242	98133
4243	98133
4244	98133
4245	98133
4246	98133
4247	98133
4248	98133
4249	98133
4250	98134
4250	98134
4250	98134
4250	98134
4251	98134
4251	98134
4251	98134
4251	98134
4252	98134
4252	98134
4252	98134
4253	98134
4253	98134
4254	98134
4254	98134
4255	98134
4256	98134
4257	98134
4258	98134
4259	98134
4260	98134
4261	98134
4262	98134
4263	98134
4264	98134
4265	98136
4265	98136
4265	98136
4265	98136
4265	98136
4265	98136
4266	98136
4266	98136
4266	98136
4266	98136
4266	98136
4267	98136
4267	98136
4267	98136
4267	98136
4267	98136
4268	98136
4268	98136
4268	98136
4268	98136
4268	98136
4269	98136
4269	98136
4269	98136
4269	98136
4270	98136
4270	98136
4270	98136
4270	98136
4271	98136
4271	98136
4271	98136
4271	98136
4272	98136
4272	98136
4272	98136
4273	98136
4273	98136
4273	98136
4274	98136
4274	98136
4275	98136
4275	98136
4276	98136
4276	98136
4277	98136
4277	98136
4278	98136
4278	98136
4279	98136
4279	98136
4280	98136
4280	98136
4281	98136
4281	98136
4282	98136
4282	98136
4283	98136
4283	98136
4284	98136
4284	98136
4285	98136
4285	98136
4286	98136
4286	98136
4287	98136
4287	98136
4288	98136
4288	98136
4289	98136
4289	98136
4290	98136
4290	98136
4291	98136
4291	98136
4292	98136
4293	98136
4294	98136
4295	98136
4296	98136
4297	98136
4298	98136
4299	98136
4300	98136
4301	98136
4302	98136
4303	98136
4304	98136
4305	98136
4306	98136
4307	98136
4308	98136
4309	98136
4310	98136
4311	98136
4312	98136
4313	98136
4314	98136
4315	98136
4316	98136
4317	98136
4318	98136
4319	98136
4320	98136
4321	98136
4322	98136
4323	98136
4324	98136
4325	98136
4326	98136
4327	98136
4328	98136
4329	98136
4330	98136
4331	98136
4332	98136
4333	98136
4334	98136
4335	98136
4336	98136
4337	98136
4338	98136
4339	98136
4340	98136
4341	98136
4342	98136
4343	98136
4344	98136
4345	98136
4346	98136
4347	98136
4348	98136
4349	98136
4350	98136
4351	98136
4352	98136
4353	98136
4354	98136
4355	98136
4356	98136
4357	98136
4358	98136
4359	98136
4360	98136
4361	98136
4362	98136
4363	98136
4364	98136
4365	98136
4366	98136
4367	98136
4368	98136
4369	98136
4370	98136
4371	98136
4372	98136
4373	98136
4374	98136
4375	98136
4376	98136
4377	98136
4378	98136
4379	98136
4380	98136
4381	98136
4382	98136
4383	98136
4384	98136
4385	98144
4385	98144
4385	98144
4385	98144
4385	98144
4385	98144
4385	98144
4385	98144
4385	98144
4385	98144
4385	98144
4385	98144
4385	98144
4385	98144
4386	98144
4386	98144
4386	98144
4386	98144
4386	98144
4386	98144
4386	98144
4386	98144
4387	98144
4387	98144
4387	98144
4387	98144
4387	98144
4387	98144
4387	98144
4388	98144
4388	98144
4388	98144
4388	98144
4388	98144
4389	98144
4389	98144
4389	98144
4389	98144
4390	98144
4390	98144
4390	98144
4390	98144
4391	98144
4391	98144
4391	98144
4391	98144
4392	98144
4392	98144
4392	98144
4392	98144
4393	98144
4393	98144
4393	98144
4393	98144
4394	98144
4394	98144
4394	98144
4394	98144
4395	98144
4395	98144
4395	98144
4395	98144
4396	98144
4396	98144
4396	98144
4396	98144
4397	98144
4397	98144
4397	98144
4398	98144
4398	98144
4398	98144
4399	98144
4399	98144
4399	98144
4400	98144
4400	98144
4400	98144
4401	98144
4401	98144
4401	98144
4402	98144
4402	98144
4402	98144
4403	98144
4403	98144
4403	98144
4404	98144
4404	98144
4404	98144
4405	98144
4405	98144
4405	98144
4406	98144
4406	98144
4406	98144
4407	98144
4407	98144
4407	98144
4408	98144
4408	98144
4408	98144
4409	98144
4409	98144
4409	98144
4410	98144
4410	98144
4411	98144
4411	98144
4412	98144
4412	98144
4413	98144
4413	98144
4414	98144
4414	98144
4415	98144
4415	98144
4416	98144
4416	98144
4417	98144
4417	98144
4418	98144
4418	98144
4419	98144
4419	98144
4420	98144
4420	98144
4421	98144
4421	98144
4422	98144
4422	98144
4423	98144
4423	98144
4424	98144
4424	98144
4425	98144
4425	98144
4426	98144
4426	98144
4427	98144
4427	98144
4428	98144
4428	98144
4429	98144
4429	98144
4430	98144
4430	98144
4431	98144
4431	98144
4432	98144
4432	98144
4433	98144
4433	98144
4434	98144
4434	98144
4435	98144
4435	98144
4436	98144
4437	98144
4438	98144
4439	98144
4440	98144
4441	98144
4442	98144
4443	98144
4444	98144
4445	98144
4446	98144
4447	98144
4448	98144
4449	98144
4450	98144
4451	98144
4452	98144
4453	98144
4454	98144
4455	98144
4456	98144
4457	98144
4458	98144
4459	98144
4460	98144
4461	98144
4462	98144
4463	98144
4464	98144
4465	98144
4466	98144
4467	98144
4468	98144
4469	98144
4470	98144
4471	98144
4472	98144
4473	98144
4474	98144
4475	98144
4476	98144
4477	98144
4478	98144
4479	98144
4480	98144
4481	98144
4482	98144
4483	98144
4484	98144
4485	98144
4486	98144
4487	98144
4488	98144
4489	98144
4490	98144
4491	98144
4492	98144
4493	98144
4494	98144
4495	98144
4496	98144
4497	98144
4498	98144
4499	98144
4500	98144
4501	98144
4502	98144
4503	98144
4504	98144
4505	98144
4506	98144
4507	98144
4508	98144
4509	98144
4510	98144
4511	98144
4512	98144
4513	98144
4514	98144
4515	98144
4516	98144
4517	98144
4518	98144
4519	98144
4520	98144
4521	98144
4522	98144
4523	98144
4524	98144
4525	98144
4526	98164
4526	98164
4527	98164
4528	98164
4529	98177
4529	98177
4529	98177
4529	98177
4529	98177
4529	98177
4529	98177
4529	98177
4530	98177
4530	98177
4530	98177
4530	98177
4530	98177
4530	98177
4530	98177
4531	98177
4531	98177
4531	98177
4531	98177
4531	98177
4531	98177
4532	98177
4532	98177
4532	98177
4532	98177
4532	98177
4532	98177
4533	98177
4533	98177
4533	98177
4533	98177
4533	98177
4534	98177
4534	98177
4534	98177
4534	98177
4534	98177
4535	98177
4535	98177
4535	98177
4535	98177
4535	98177
4536	98177
4536	98177
4536	98177
4536	98177
4536	98177
4537	98177
4537	98177
4537	98177
4537	98177
4537	98177
4538	98177
4538	98177
4538	98177
4538	98177
4539	98177
4539	98177
4539	98177
4539	98177
4540	98177
4540	98177
4540	98177
4540	98177
4541	98177
4541	98177
4541	98177
4541	98177
4542	98177
4542	98177
4542	98177
4542	98177
4543	98177
4543	98177
4543	98177
4543	98177
4544	98177
4544	98177
4544	98177
4545	98177
4545	98177
4545	98177
4546	98177
4546	98177
4546	98177
4547	98177
4547	98177
4547	98177
4548	98177
4548	98177
4548	98177
4549	98177
4549	98177
4549	98177
4550	98177
4550	98177
4550	98177
4551	98177
4551	98177
4551	98177
4552	98177
4552	98177
4552	98177
4553	98177
4553	98177
4553	98177
4554	98177
4554	98177
4554	98177
4555	98177
4555	98177
4555	98177
4556	98177
4556	98177
4556	98177
4557	98177
4557	98177
4558	98177
4558	98177
4559	98177
4559	98177
4560	98177
4560	98177
4561	98177
4561	98177
4562	98177
4562	98177
4563	98177
4563	98177
4564	98177
4564	98177
4565	98177
4565	98177
4566	98177
4566	98177
4567	98177
4567	98177
4568	98177
4568	98177
4569	98177
4569	98177
4570	98177
4570	98177
4571	98177
4571	98177
4572	98177
4572	98177
4573	98177
4573	98177
4574	98177
4574	98177
4575	98177
4575	98177
4576	98177
4576	98177
4577	98177
4577	98177
4578	98177
4578	98177
4579	98177
4579	98177
4580	98177
4580	98177
4581	98177
4581	98177
4582	98177
4582	98177
4583	98177
4583	98177
4584	98177
4585	98177
4586	98177
4587	98177
4588	98177
4589	98177
4590	98177
4591	98177
4592	98177
4593	98177
4594	98177
4595	98177
4596	98177
4597	98177
4598	98177
4599	98177
4600	98177
4601	98177
4602	98177
4603	98177
4604	98177
4605	98177
4606	98177
4607	98177
4608	98177
4609	98177
4610	98177
4611	98177
4612	98177
4613	98177
4614	98177
4615	98177
4616	98177
4617	98177
4618	98177
4619	98177
4620	98177
4621	98177
4622	98177
4623	98177
4624	98177
4625	98177
4626	98177
4627	98177
4628	98177
4629	98177
4630	98177
4631	98177
4632	98177
4633	98177
4634	98177
4635	98177
4636	98177
4637	98177
4638	98177
4639	98177
4640	98177
4641	98177
4642	98177
4643	98177
4644	98177
4645	98177
4646	98177
4647	98177
4648	98177
4649	98177
4650	98177
4651	98177
4652	98177
4653	98177
4654	98177
4655	98177
4656	98177
4657	98177
4658	98177
4659	98177
4660	98177
4661	98177
4662	98177
4663	98177
4664	98177
4665	98177
4666	98177
4667	98177
4668	98177
4669	98177
4670	98177
4671	98177
4672	98177
4673	98177
4674	98177
4675	98177
4676	98177
4677	98177
4678	98177
4679	98177
4680	98177
4681	98177
4682	98177
4683	98177
4684	98177
4685	98177
4686	98177
4687	98177
4688	98177
4689	98177
4690	98177
4691	98177
4692	98177
4693	98177
4694	98195
4695	98195
4696	98195
4697	98195
4698	98199
4698	98199
4698	98199
4698	98199
4698	98199
4698	98199
4698	98199
4698	98199
4698	98199
4699	98199
4699	98199
4699	98199
4699	98199
4699	98199
4699	98199
4700	98199
4700	98199
4700	98199
4700	98199
4700	98199
4700	98199
4701	98199
4701	98199
4701	98199
4701	98199
4701	98199
4701	98199
4702	98199
4702	98199
4702	98199
4702	98199
4702	98199
4702	98199
4703	98199
4703	98199
4703	98199
4703	98199
4703	98199
4703	98199
4704	98199
4704	98199
4704	98199
4704	98199
4704	98199
4704	98199
4705	98199
4705	98199
4705	98199
4705	98199
4705	98199
4705	98199
4706	98199
4706	98199
4706	98199
4706	98199
4706	98199
4706	98199
4707	98199
4707	98199
4707	98199
4707	98199
4707	98199
4708	98199
4708	98199
4708	98199
4708	98199
4709	98199
4709	98199
4709	98199
4709	98199
4710	98199
4710	98199
4710	98199
4710	98199
4711	98199
4711	98199
4711	98199
4712	98199
4712	98199
4712	98199
4713	98199
4713	98199
4713	98199
4714	98199
4714	98199
4714	98199
4715	98199
4715	98199
4715	98199
4716	98199
4716	98199
4716	98199
4717	98199
4717	98199
4717	98199
4718	98199
4718	98199
4718	98199
4719	98199
4719	98199
4719	98199
4720	98199
4720	98199
4720	98199
4721	98199
4721	98199
4721	98199
4722	98199
4722	98199
4722	98199
4723	98199
4723	98199
4723	98199
4724	98199
4724	98199
4724	98199
4725	98199
4725	98199
4725	98199
4726	98199
4726	98199
4726	98199
4727	98199
4727	98199
4728	98199
4728	98199
4729	98199
4729	98199
4730	98199
4730	98199
4731	98199
4731	98199
4732	98199
4732	98199
4733	98199
4733	98199
4734	98199
4734	98199
4735	98199
4735	98199
4736	98199
4736	98199
4737	98199
4737	98199
4738	98199
4738	98199
4739	98199
4739	98199
4740	98199
4740	98199
4741	98199
4741	98199
4742	98199
4742	98199
4743	98199
4743	98199
4744	98199
4744	98199
4745	98199
4745	98199
4746	98199
4746	98199
4747	98199
4747	98199
4748	98199
4748	98199
4749	98199
4749	98199
4750	98199
4750	98199
4751	98199
4751	98199
4752	98199
4752	98199
4753	98199
4753	98199
4754	98199
4754	98199
4755	98199
4755	98199
4756	98199
4757	98199
4758	98199
4759	98199
4760	98199
4761	98199
4762	98199
4763	98199
4764	98199
4765	98199
4766	98199
4767	98199
4768	98199
4769	98199
4770	98199
4771	98199
4772	98199
4773	98199
4774	98199
4775	98199
4776	98199
4777	98199
4778	98199
4779	98199
4780	98199
4781	98199
4782	98199
4783	98199
4784	98199
4785	98199
4786	98199
4787	98199
4788	98199
4789	98199
4790	98199
4791	98199
4792	98199
4793	98199
4794	98199
4795	98199
4796	98199
4797	98199
4798	98199
4799	98199
4800	98199
4801	98199
4802	98199
4803	98199
4804	98199
4805	98199
4806	98199
4807	98199
4808	98199
4809	98199
4810	98199
4811	98199
4812	98199
4813	98199
4814	98199
4815	98199
4816	98199
4817	98199
4818	98199
4819	98199
4820	98199
4821	98199
4822	98199
4823	98199
4824	98199
4825	98199
4826	98199
4827	98199
4828	98199
4829	98199
4830	98199
4831	98199
4832	98199
4833	98199
4834	98199
4835	98199
4836	98199
4837	98199
4838	98199
4839	98199
4840	98199
4841	98199
4842	98199
4843	98199
4844	98199
4845	98199
4846	98199
4847	98199
4848	98199
4849	98199
4850	98199
4851	98199
4852	98199
4853	98199
4854	98199
4855	98199
4856	98199
4857	98199
4858	98199
4859	98199
4860	98199
4861	98199
4862	98199
4863	98199
4864	98199
4865	98199
4866	98199