5	916	98101	10
9	4898	98101	10
18	4922	98101	10
54	4980	98101	10
54	4981	98101	10
106	5018	98101	10
108	5020	98101	10
123	5033	98101	10
136	4440	98101	10
191	5103	98102	10
191	5104	98102	10
195	5113	98102	10
197	271	98102	10
199	5121	98102	10
209	5143	98102	10
240	5188	98102	10
271	197	98102	10
277	5214	98102	10
288	5220	98102	10
318	1730	98102	10
326	3413	98102	10
348	5252	98102	10
349	4426	98102	10
360	5260	98102	10
402	5090	98102	10
420	5292	98102	10
431	2678	98103	10
432	5296	98103	10
438	5348	98103	10
443	5357	98103	10
446	5368	98103	10
447	5370	98103	10
452	5383	98103	10
454	2352	98103	10
454	5389	98103	10
460	1159	98103	10
465	5415	98103	10
472	5427	98103	10
472	5428	98103	10
476	5432	98103	10
496	5456	98103	10
513	616	98103	10
520	5482	98103	10
520	5483	98103	10
526	5491	98103	10
526	1854	98103	10
584	3041	98103	10
592	5539	98103	10
616	513	98103	10
647	5577	98103	10
654	934	98103	10
691	5602	98103	10
714	5618	98103	10
749	5649	98103	10
755	5653	98103	10
761	5657	98103	10
765	5659	98103	10
767	2768	98103	10
796	5715	98104	10
796	5716	98104	10
800	1185	98104	10
800	5729	98104	10
806	5401	98104	10
809	5749	98104	10
820	5767	98104	10
825	875	98104	10
833	5784	98104	10
856	5803	98104	10
875	825	98104	10
885	5821	98104	10
896	5830	98104	10
897	5831	98104	10
906	5849	98105	10
912	5869	98105	10
915	5879	98105	10
916	5	98105	10
918	5884	98105	10
922	5894	98105	10
926	5901	98105	10
934	654	98105	10
954	5941	98105	10
965	5957	98105	10
1036	1098	98105	10
1046	6012	98105	10
1098	1036	98105	10
1159	460	98105	10
1161	6087	98105	10
1180	6099	98105	10
1185	800	98106	10
1185	5729	98106	10
1193	6143	98106	10
1195	1203	98106	10
1197	6152	98106	10
1203	1195	98106	10
1206	6165	98106	10
1211	6174	98106	10
1212	6175	98106	10
1215	6178	98106	10
1220	6186	98106	10
1220	6187	98106	10
1225	6172	98106	10
1274	6225	98106	10
1310	6260	98107	10
1313	6271	98107	10
1313	6274	98107	10
1314	2940	98107	10
1314	6277	98107	10
1314	6278	98107	10
1316	5145	98107	10
1333	6194	98107	10
1348	6337	98107	10
1352	6342	98107	10
1360	6355	98107	10
1362	3997	98107	10
1363	6358	98107	10
1425	3153	98107	10
1440	1533	98107	10
1478	6434	98107	10
1510	6468	98109	10
1515	6483	98109	10
1515	6485	98109	10
1519	6492	98109	10
1526	6510	98109	10
1533	1440	98109	10
1544	6540	98109	10
1551	6553	98109	10
1557	1876	98109	10
1584	3350	98109	10
1592	6604	98109	10
1604	6619	98109	10
1605	6621	98109	10
1618	6629	98109	10
1625	6635	98109	10
1629	6638	98109	10
1708	6687	98109	10
1711	6689	98109	10
1730	318	98109	10
1733	6705	98109	10
1739	1803	98109	10
1745	6713	98109	10
1755	6722	98109	10
1797	6753	98109	10
1803	1739	98109	10
1817	5122	98112	10
1817	5123	98112	10
1828	6812	98112	10
1831	1929	98112	10
1833	6456	98112	10
1834	6825	98112	10
1838	6832	98112	10
1842	6839	98112	10
1844	6843	98112	10
1853	6864	98112	10
1854	5491	98112	10
1854	526	98112	10
1869	6878	98112	10
1876	1557	98112	10
1891	6893	98112	10
1892	1956	98112	10
1920	6909	98112	10
1929	1831	98112	10
1931	6913	98112	10
1956	1892	98112	10
1966	6938	98112	10
1971	6951	98115	10
1974	3186	98115	10
1977	1983	98115	10
1977	6983	98115	10
1977	6975	98115	10
1980	6992	98115	10
1983	1977	98115	10
1990	7016	98115	10
1995	6494	98115	10
1996	7024	98115	10
1998	7029	98115	10
1999	7033	98115	10
1999	7034	98115	10
2014	7059	98115	10
2020	6169	98115	10
2026	7073	98115	10
2038	7086	98115	10
2038	7087	98115	10
2043	7094	98115	10
2067	7123	98115	10
2069	7126	98115	10
2073	7133	98115	10
2074	7134	98115	10
2076	7136	98115	10
2084	7142	98115	10
2103	7154	98115	10
2111	7161	98115	10
2148	7186	98115	10
2150	7188	98115	10
2169	7202	98115	10
2200	2285	98115	10
2227	7235	98115	10
2237	7241	98115	10
2250	2318	98115	10
2257	7249	98115	10
2269	7256	98115	10
2285	2200	98115	10
2294	7267	98115	10
2298	7270	98115	10
2300	7272	98115	10
2318	2250	98115	10
2321	7286	98115	10
2330	7279	98115	10
2348	7337	98116	10
2350	5484	98116	10
2352	454	98116	10
2352	5389	98116	10
2378	7378	98116	10
2398	7408	98116	10
2401	7412	98116	10
2412	7419	98116	10
2418	7423	98116	10
2426	7426	98116	10
2449	7436	98116	10
2469	7449	98116	10
2487	3880	98116	10
2498	7467	98116	10
2555	2585	98117	10
2560	7515	98117	10
2561	7520	98117	10
2564	7530	98117	10
2569	5101	98117	10
2571	2712	98117	10
2572	7551	98117	10
2581	3357	98117	10
2581	7564	98117	10
2583	7568	98117	10
2583	7570	98117	10
2584	7571	98117	10
2585	2555	98117	10
2600	7592	98117	10
2603	2981	98117	10
2603	7597	98117	10
2606	7602	98117	10
2606	7603	98117	10
2609	7605	98117	10
2609	7606	98117	10
2610	7607	98117	10
2611	7608	98117	10
2627	7621	98117	10
2628	2723	98117	10
2678	431	98117	10
2712	2571	98117	10
2723	2628	98117	10
2753	7690	98117	10
2760	7695	98117	10
2765	7697	98117	10
2768	767	98117	10
2806	7766	98118	10
2813	7775	98118	10
2813	7776	98118	10
2815	7779	98118	10
2838	7796	98118	10
2852	2905	98118	10
2871	7818	98118	10
2902	7835	98118	10
2905	2852	98118	10
2907	7839	98118	10
2917	7846	98118	10
2926	4766	98119	10
2934	7883	98119	10
2940	1314	98119	10
2948	7921	98119	10
2948	7922	98119	10
2951	7924	98119	10
2953	6574	98119	10
2972	7952	98119	10
2973	6074	98119	10
2980	7128	98119	10
2981	2603	98119	10
2981	7597	98119	10
2983	5477	98119	10
2986	7967	98119	10
3006	4764	98119	10
3018	3117	98119	10
3035	8004	98119	10
3036	8005	98119	10
3041	584	98119	10
3104	8039	98119	10
3117	3018	98119	10
3131	8054	98119	10
3143	3261	98121	10
3144	6035	98121	10
3146	8082	98121	10
3153	1425	98121	10
3161	8110	98121	10
3167	8123	98121	10
3168	8124	98121	10
3168	8125	98121	10
3184	3305	98121	10
3186	1974	98121	10
3204	8167	98121	10
3218	8177	98121	10
3224	8180	98121	10
3261	3143	98121	10
3263	8205	98121	10
3297	8064	98121	10
3304	8231	98121	10
3305	3184	98121	10
3318	8238	98121	10
3332	6504	98122	10
3350	1584	98122	10
3353	5490	98122	10
3357	2581	98122	10
3363	8306	98122	10
3368	8313	98122	10
3368	8314	98122	10
3382	8334	98122	10
3392	8346	98122	10
3413	326	98122	10
3419	8361	98122	10
3456	8378	98122	10
3486	3495	98122	10
3495	3486	98122	10
3500	8405	98122	10
3523	8421	98122	10
3555	3747	98125	10
3562	3681	98125	10
3605	3763	98125	10
3609	8528	98125	10
3636	8547	98125	10
3658	8562	98125	10
3681	3562	98125	10
3683	8577	98125	10
3688	8581	98125	10
3689	8582	98125	10
3732	6859	98125	10
3747	3555	98125	10
3748	8622	98125	10
3750	8623	98125	10
3763	3605	98125	10
3765	8629	98125	10
3792	8646	98125	10
3806	6144	98126	10
3823	8698	98126	10
3827	8706	98126	10
3841	8715	98126	10
3846	7688	98126	10
3856	8727	98126	10
3873	8735	98126	10
3880	2487	98126	10
3922	3929	98126	10
3929	3922	98126	10
3941	8793	98133	10
3944	8804	98133	10
3949	8814	98133	10
3956	6522	98133	10
3984	8871	98133	10
3985	8874	98133	10
3992	8881	98133	10
3994	8884	98133	10
3997	1362	98133	10
4005	8898	98133	10
4022	4181	98133	10
4028	4078	98133	10
4035	8933	98133	10
4044	7307	98133	10
4078	4028	98133	10
4124	8989	98133	10
4138	8999	98133	10
4141	9002	98133	10
4164	9019	98133	10
4181	4022	98133	10
4201	9042	98133	10
4229	4244	98133	10
4238	9066	98133	10
4239	9067	98133	10
4244	4229	98133	10
4251	7718	98134	10
4252	9078	98134	10
4254	9080	98134	10
4254	9081	98134	10
4267	9096	98136	10
4277	9121	98136	10
4288	9134	98136	10
4338	9164	98136	10
4373	9181	98136	10
4375	9182	98136	10
4391	9207	98144	10
4391	9208	98144	10
4399	4407	98144	10
4407	4399	98144	10
4408	9239	98144	10
4408	9240	98144	10
4425	9262	98144	10
4426	349	98144	10
4440	136	98144	10
4452	9284	98144	10
4486	4497	98144	10
4494	9315	98144	10
4497	4486	98144	10
4504	9322	98144	10
4509	9324	98144	10
4526	9336	98164	10
4532	4559	98177	10
4538	9366	98177	10
4539	9373	98177	10
4545	9386	98177	10
4545	9387	98177	10
4556	9399	98177	10
4559	4532	98177	10
4560	4569	98177	10
4564	9408	98177	10
4569	4560	98177	10
4583	9429	98177	10
4583	9430	98177	10
4585	4665	98177	10
4615	9448	98177	10
4621	4658	98177	10
4650	9470	98177	10
4658	4621	98177	10
4665	4585	98177	10
4679	9488	98177	10
4680	9489	98177	10
4686	9491	98177	10
4701	6992	98199	10
4706	5355	98199	10
4708	9516	98199	10
4710	9523	98199	10
4712	9528	98199	10
4720	9537	98199	10
4734	9554	98199	10
4737	9558	98199	10
4743	9564	98199	10
4747	9568	98199	10
4753	9572	98199	10
4762	4820	98199	10
4764	3006	98199	10
4766	2926	98199	10
4772	9581	98199	10
4782	9586	98199	10
4820	4762	98199	10
4830	9609	98199	10
4849	4864	98199	10
4864	4849	98199	10
5	4883	98101	9
5	4884	98101	9
8	4893	98101	9
9	4896	98101	9
9	4897	98101	9
10	2577	98101	9
10	4900	98101	9
13	4909	98101	9
15	4913	98101	9
16	4915	98101	9
18	4920	98101	9
20	28	98101	9
20	4925	98101	9
21	4927	98101	9
25	4935	98101	9
25	4936	98101	9
26	4939	98101	9
28	20	98101	9
30	100	98101	9
33	3176	98101	9
33	4948	98101	9
40	3296	98101	9
42	4962	98101	9
57	4985	98101	9
61	2966	98101	9
94	5010	98101	9
97	5012	98101	9
100	30	98101	9
104	5017	98101	9
112	518	98101	9
119	5029	98101	9
150	5053	98101	9
152	5055	98101	9
160	5062	98101	9
161	5063	98101	9
181	5072	98102	9
181	5073	98102	9
187	5091	98102	9
190	5100	98102	9
190	5101	98102	9
192	5108	98102	9
195	5114	98102	9
209	5144	98102	9
210	5145	98102	9
221	5160	98102	9
222	5163	98102	9
223	5164	98102	9
227	3601	98102	9
230	3151	98102	9
250	5198	98102	9
276	5213	98102	9
283	5218	98102	9
286	5219	98102	9
317	3465	98102	9
328	5242	98102	9
329	5243	98102	9
341	577	98102	9
344	5251	98102	9
389	5273	98102	9
401	3445	98102	9
412	5285	98102	9
415	5288	98102	9
418	5290	98102	9
427	432	98103	9
427	5296	98103	9
428	519	98103	9
430	5314	98103	9
431	5321	98103	9
432	427	98103	9
432	5085	98103	9
433	5324	98103	9
441	5351	98103	9
443	5358	98103	9
444	5361	98103	9
444	5362	98103	9
444	5364	98103	9
447	5372	98103	9
448	5373	98103	9
452	5384	98103	9
456	750	98103	9
456	5393	98103	9
460	1863	98103	9
464	5413	98103	9
465	5417	98103	9
466	5418	98103	9
491	3955	98103	9
495	2055	98103	9
496	5455	98103	9
499	5461	98103	9
503	5466	98103	9
504	1511	98103	9
507	5469	98103	9
515	5477	98103	9
515	2983	98103	9
517	3155	98103	9
518	112	98103	9
519	428	98103	9
522	5485	98103	9
537	5499	98103	9
541	1427	98103	9
577	341	98103	9
607	5551	98103	9
623	5561	98103	9
631	779	98103	9
656	3991	98103	9
663	4822	98103	9
676	5594	98103	9
681	5596	98103	9
720	5624	98103	9
725	5628	98103	9
728	5631	98103	9
735	5637	98103	9
743	5644	98103	9
750	456	98103	9
756	4769	98103	9
760	5656	98103	9
776	2586	98103	9
777	782	98103	9
779	631	98103	9
780	5666	98103	9
782	777	98103	9
789	5673	98104	9
789	5676	98104	9
789	5677	98104	9
790	5683	98104	9
790	5690	98104	9
791	5693	98104	9
793	5705	98104	9
796	5717	98104	9
796	5718	98104	9
797	5719	98104	9
800	2578	98104	9
801	5731	98104	9
802	5733	98104	9
802	5734	98104	9
804	5738	98104	9
806	5741	98104	9
815	5759	98104	9
816	3974	98104	9
849	853	98104	9
850	5799	98104	9
853	849	98104	9
876	5816	98104	9
882	5819	98104	9
892	5827	98104	9
905	5840	98105	9
905	5844	98105	9
906	3150	98105	9
907	5857	98105	9
915	5880	98105	9
916	4883	98105	9
916	4884	98105	9
920	5888	98105	9
921	3805	98105	9
924	5896	98105	9
926	5900	98105	9
933	5915	98105	9
939	5921	98105	9
950	5918	98105	9
981	5967	98105	9
988	5972	98105	9
1013	5991	98105	9
1042	6008	98105	9
1055	6020	98105	9
1062	6027	98105	9
1064	3395	98105	9
1074	6034	98105	9
1084	6042	98105	9
1101	6052	98105	9
1154	6083	98105	9
1162	6088	98105	9
1178	6098	98105	9
1182	6101	98105	9
1185	2578	98106	9
1187	6123	98106	9
1191	6140	98106	9
1206	6166	98106	9
1214	5818	98106	9
1226	2623	98106	9
1257	2747	98106	9
1270	6222	98106	9
1286	6234	98106	9
1302	6244	98106	9
1306	6246	98106	9
1309	6248	98107	9
1310	6259	98107	9
1313	6270	98107	9
1313	6273	98107	9
1317	6280	98107	9
1319	1585	98107	9
1320	6291	98107	9
1320	6292	98107	9
1321	3102	98107	9
1322	3384	98107	9
1326	6302	98107	9
1330	6311	98107	9
1338	6323	98107	9
1341	6327	98107	9
1342	6329	98107	9
1351	3058	98107	9
1353	4795	98107	9
1354	2436	98107	9
1356	6347	98107	9
1365	6361	98107	9
1369	6364	98107	9
1372	6367	98107	9
1384	6377	98107	9
1392	6381	98107	9
1396	4038	98107	9
1399	4319	98107	9
1406	6389	98107	9
1409	6392	98107	9
1411	4491	98107	9
1414	2701	98107	9
1427	541	98107	9
1432	6405	98107	9
1444	1502	98107	9
1454	6417	98107	9
1483	6436	98107	9
1498	4411	98107	9
1502	1444	98107	9
1506	6452	98107	9
1507	1535	98107	9
1508	6456	98109	9
1508	6458	98109	9
1508	1833	98109	9
1510	5899	98109	9
1510	2928	98109	9
1511	6470	98109	9
1511	504	98109	9
1513	5101	98109	9
1515	6486	98109	9
1516	6487	98109	9
1519	4746	98109	9
1521	1555	98109	9
1522	2271	98109	9
1523	6498	98109	9
1523	6500	98109	9
1529	6520	98109	9
1532	6492	98109	9
1535	1507	98109	9
1538	3158	98109	9
1538	6531	98109	9
1541	4982	98109	9
1543	5573	98109	9
1544	6539	98109	9
1544	6541	98109	9
1546	6545	98109	9
1546	6547	98109	9
1552	2342	98109	9
1555	1521	98109	9
1556	5180	98109	9
1561	4481	98109	9
1578	6584	98109	9
1582	6590	98109	9
1583	6591	98109	9
1583	6592	98109	9
1585	1319	98109	9
1591	6602	98109	9
1598	6586	98109	9
1599	6612	98109	9
1605	6152	98109	9
1612	3301	98109	9
1638	5333	98109	9
1641	6644	98109	9
1653	6654	98109	9
1663	6660	98109	9
1665	6662	98109	9
1706	6686	98109	9
1734	6706	98109	9
1762	6727	98109	9
1794	6752	98109	9
1806	1897	98109	9
1807	3073	98109	9
1815	2338	98112	9
1817	6779	98112	9
1819	1820	98112	9
1820	1819	98112	9
1821	6794	98112	9
1821	6796	98112	9
1828	1924	98112	9
1832	6822	98112	9
1833	6453	98112	9
1833	1508	98112	9
1838	6831	98112	9
1842	6840	98112	9
1852	6862	98112	9
1860	6867	98112	9
1862	6868	98112	9
1863	460	98112	9
1894	6894	98112	9
1897	1806	98112	9
1911	6902	98112	9
1918	6907	98112	9
1924	1828	98112	9
1942	6921	98112	9
1945	6924	98112	9
1948	6926	98112	9
1957	6932	98112	9
1965	6937	98112	9
1974	6967	98115	9
1974	6968	98115	9
1982	6996	98115	9
1984	6998	98115	9
1986	2011	98115	9
1995	6495	98115	9
1996	7023	98115	9
1996	7025	98115	9
1998	7030	98115	9
2008	7051	98115	9
2008	7052	98115	9
2011	1986	98115	9
2024	3348	98115	9
2027	7074	98115	9
2031	7077	98115	9
2031	7078	98115	9
2039	7088	98115	9
2054	7109	98115	9
2054	7110	98115	9
2055	495	98115	9
2062	7120	98115	9
2062	7121	98115	9
2081	7140	98115	9
2085	4243	98115	9
2086	7143	98115	9
2112	7162	98115	9
2113	5319	98115	9
2115	7164	98115	9
2122	7168	98115	9
2123	7169	98115	9
2125	2301	98115	9
2139	7181	98115	9
2147	7048	98115	9
2158	7194	98115	9
2159	7195	98115	9
2162	2559	98115	9
2166	7200	98115	9
2170	7203	98115	9
2187	2241	98115	9
2188	7212	98115	9
2195	7215	98115	9
2208	7223	98115	9
2212	7225	98115	9
2213	4590	98115	9
2241	2187	98115	9
2242	7243	98115	9
2271	1522	98115	9
2272	7257	98115	9
2273	7258	98115	9
2275	4306	98115	9
2290	7265	98115	9
2301	2125	98115	9
2326	7291	98115	9
2337	7302	98116	9
2338	3148	98116	9
2338	1815	98116	9
2342	6556	98116	9
2342	1552	98116	9
2343	7324	98116	9
2346	6606	98116	9
2351	7340	98116	9
2352	5388	98116	9
2355	7348	98116	9
2356	7349	98116	9
2359	6842	98116	9
2360	7353	98116	9
2367	2497	98116	9
2368	7366	98116	9
2372	6842	98116	9
2373	7371	98116	9
2381	7383	98116	9
2381	7384	98116	9
2383	7385	98116	9
2389	7396	98116	9
2419	2551	98116	9
2436	1354	98116	9
2442	4255	98116	9
2447	7434	98116	9
2483	7458	98116	9
2497	2367	98116	9
2502	7468	98116	9
2503	7469	98116	9
2514	4522	98116	9
2527	7482	98116	9
2549	4302	98116	9
2551	2419	98116	9
2554	3799	98117	9
2555	7498	98117	9
2558	4698	98117	9
2559	2162	98117	9
2561	7518	98117	9
2564	7528	98117	9
2564	7529	98117	9
2570	7544	98117	9
2577	10	98117	9
2578	800	98117	9
2578	1185	98117	9
2578	5729	98117	9
2580	7562	98117	9
2582	7565	98117	9
2582	7567	98117	9
2584	7573	98117	9
2586	776	98117	9
2587	7576	98117	9
2594	7582	98117	9
2597	7587	98117	9
2597	7588	98117	9
2598	7589	98117	9
2601	7594	98117	9
2602	7595	98117	9
2607	3606	98117	9
2623	1226	98117	9
2630	4568	98117	9
2637	7626	98117	9
2650	3063	98117	9
2652	7632	98117	9
2664	7643	98117	9
2668	7646	98117	9
2674	7650	98117	9
2679	2750	98117	9
2692	2727	98117	9
2701	1414	98117	9
2708	7666	98117	9
2727	2692	98117	9
2742	7682	98117	9
2747	1257	98117	9
2748	7687	98117	9
2750	2679	98117	9
2751	7688	98117	9
2766	7698	98117	9
2772	2775	98118	9
2775	2772	98118	9
2790	7747	98118	9
2791	7749	98118	9
2798	7757	98118	9
2815	7780	98118	9
2823	7786	98118	9
2832	7791	98118	9
2843	7798	98118	9
2861	7810	98118	9
2864	3950	98118	9
2865	7812	98118	9
2870	7817	98118	9
2875	7820	98118	9
2879	7823	98118	9
2893	7830	98118	9
2904	7837	98118	9
2912	7842	98118	9
2921	4502	98118	9
2926	5899	98119	9
2928	1510	98119	9
2928	3552	98119	9
2928	5899	98119	9
2928	6468	98119	9
2932	7873	98119	9
2937	7897	98119	9
2938	7901	98119	9
2939	7902	98119	9
2939	7903	98119	9
2940	6277	98119	9
2940	6278	98119	9
2942	7911	98119	9
2943	7914	98119	9
2947	7920	98119	9
2958	7938	98119	9
2960	7939	98119	9
2964	7947	98119	9
2965	6559	98119	9
2966	61	98119	9
2975	7957	98119	9
2983	515	98119	9
2984	7965	98119	9
2989	7971	98119	9
2994	6872	98119	9
3002	7986	98119	9
3007	7988	98119	9
3028	8002	98119	9
3043	3105	98119	9
3050	8012	98119	9
3057	3141	98119	9
3058	1351	98119	9
3063	2650	98119	9
3067	8020	98119	9
3073	1807	98119	9
3102	1321	98119	9
3105	3043	98119	9
3113	8044	98119	9
3141	3057	98119	9
3144	8067	98121	9
3145	8076	98121	9
3148	2338	98121	9
3150	906	98121	9
3151	230	98121	9
3151	5174	98121	9
3155	517	98121	9
3156	8100	98121	9
3158	1538	98121	9
3158	6531	98121	9
3161	8109	98121	9
3176	33	98121	9
3177	8136	98121	9
3178	8137	98121	9
3188	8146	98121	9
3189	3275	98121	9
3190	8149	98121	9
3194	8156	98121	9
3196	8159	98121	9
3223	3311	98121	9
3225	8181	98121	9
3235	8186	98121	9
3275	3189	98121	9
3284	8216	98121	9
3296	40	98121	9
3301	1612	98121	9
3311	3223	98121	9
3324	4721	98122	9
3327	8247	98122	9
3330	8254	98122	9
3332	8260	98122	9
3335	4955	98122	9
3343	8276	98122	9
3348	2024	98122	9
3349	8290	98122	9
3350	6593	98122	9
3353	4011	98122	9
3357	7564	98122	9
3363	8305	98122	9
3365	8308	98122	9
3365	8309	98122	9
3367	8311	98122	9
3367	8312	98122	9
3374	8325	98122	9
3384	1322	98122	9
3387	8342	98122	9
3390	5264	98122	9
3395	1064	98122	9
3407	7206	98122	9
3411	8356	98122	9
3421	8362	98122	9
3422	8363	98122	9
3428	3462	98122	9
3443	3540	98122	9
3445	401	98122	9
3457	4414	98122	9
3462	3428	98122	9
3465	317	98122	9
3466	8384	98122	9
3472	8387	98122	9
3485	8394	98122	9
3489	8397	98122	9
3535	5008	98122	9
3539	8428	98122	9
3540	3443	98122	9
3552	2928	98125	9
3552	5726	98125	9
3559	6518	98125	9
3564	8460	98125	9
3564	8463	98125	9
3565	8465	98125	9
3570	6297	98125	9
3570	6298	98125	9
3574	8481	98125	9
3591	8506	98125	9
3595	8511	98125	9
3601	227	98125	9
3603	8521	98125	9
3606	2607	98125	9
3652	8558	98125	9
3659	3743	98125	9
3673	3751	98125	9
3704	8592	98125	9
3730	8612	98125	9
3740	8617	98125	9
3743	3659	98125	9
3751	3673	98125	9
3754	8624	98125	9
3772	8634	98125	9
3775	8550	98125	9
3782	6441	98125	9
3796	8654	98126	9
3799	2554	98126	9
3802	8667	98126	9
3802	8668	98126	9
3805	921	98126	9
3806	6143	98126	9
3810	8679	98126	9
3812	3924	98126	9
3814	8684	98126	9
3826	8703	98126	9
3863	3871	98126	9
3867	8732	98126	9
3870	8734	98126	9
3871	3863	98126	9
3883	8741	98126	9
3908	8757	98126	9
3924	3812	98126	9
3930	8767	98126	9
3934	8771	98126	9
3937	8780	98133	9
3939	8782	98133	9
3941	5839	98133	9
3942	8658	98133	9
3944	8803	98133	9
3950	8816	98133	9
3950	2864	98133	9
3951	4105	98133	9
3953	3993	98133	9
3955	491	98133	9
3959	8829	98133	9
3960	8830	98133	9
3960	8832	98133	9
3968	8847	98133	9
3970	8851	98133	9
3972	8855	98133	9
3974	816	98133	9
3986	8875	98133	9
3991	656	98133	9
3993	3953	98133	9
3996	8889	98133	9
4011	5490	98133	9
4011	3353	98133	9
4014	8906	98133	9
4020	8917	98133	9
4033	8931	98133	9
4038	1396	98133	9
4085	8962	98133	9
4094	8970	98133	9
4105	3951	98133	9
4106	4226	98133	9
4108	8978	98133	9
4110	8980	98133	9
4111	8981	98133	9
4122	8988	98133	9
4125	8990	98133	9
4131	8994	98133	9
4142	4177	98133	9
4146	9005	98133	9
4175	9024	98133	9
4177	4142	98133	9
4187	9032	98133	9
4197	9039	98133	9
4220	9054	98133	9
4222	9055	98133	9
4226	4106	98133	9
4237	9065	98133	9
4241	9069	98133	9
4243	2085	98133	9
4250	9074	98134	9
4250	9077	98134	9
4251	6864	98134	9
4255	2442	98134	9
4269	9102	98136	9
4269	9103	98136	9
4269	9104	98136	9
4274	9116	98136	9
4288	4377	98136	9
4294	9140	98136	9
4296	9142	98136	9
4302	2549	98136	9
4306	2275	98136	9
4315	9152	98136	9
4319	1399	98136	9
4320	9003	98136	9
4324	9155	98136	9
4326	9157	98136	9
4332	9160	98136	9
4372	9180	98136	9
4377	4288	98136	9
4382	9187	98136	9
4385	5844	98144	9
4386	9195	98144	9
4386	9196	98144	9
4392	9210	98144	9
4393	9215	98144	9
4400	9223	98144	9
4400	9225	98144	9
4405	9233	98144	9
4409	9242	98144	9
4409	9243	98144	9
4411	1498	98144	9
4414	3457	98144	9
4422	9258	98144	9
4450	9282	98144	9
4459	9288	98144	9
4461	9290	98144	9
4478	9304	98144	9
4481	1561	98144	9
4487	9310	98144	9
4491	1411	98144	9
4498	9318	98144	9
4502	2921	98144	9
4522	2514	98144	9
4526	9337	98164	9
4530	5681	98177	9
4535	9361	98177	9
4538	9367	98177	9
4538	9369	98177	9
4539	9370	98177	9
4539	9371	98177	9
4542	9378	98177	9
4552	9393	98177	9
4553	7266	98177	9
4555	6310	98177	9
4560	9401	98177	9
4561	9402	98177	9
4564	9407	98177	9
4568	2630	98177	9
4575	9419	98177	9
4575	9420	98177	9
4576	9421	98177	9
4576	9422	98177	9
4590	2213	98177	9
4592	9433	98177	9
4625	9454	98177	9
4641	9462	98177	9
4661	9062	98177	9
4668	8824	98177	9
4671	9482	98177	9
4698	2558	98199	9
4700	9498	98199	9
4706	9510	98199	9
4706	5354	98199	9
4706	5356	98199	9
4708	9515	98199	9
4708	9517	98199	9
4709	9521	98199	9
4712	9526	98199	9
4712	9527	98199	9
4715	4928	98199	9
4720	9539	98199	9
4721	3324	98199	9
4724	9542	98199	9
4728	4794	98199	9
4731	9549	98199	9
4731	9550	98199	9
4739	9559	98199	9
4746	6492	98199	9
4746	1519	98199	9
4748	4752	98199	9
4752	4748	98199	9
4752	9569	98199	9
4769	756	98199	9
4771	4813	98199	9
4786	9588	98199	9
4793	4816	98199	9
4794	4728	98199	9
4795	1353	98199	9
4806	9596	98199	9
4810	9572	98199	9
4813	4771	98199	9
4816	4793	98199	9
4818	9603	98199	9
4822	663	98199	9
4840	9613	98199	9
4847	9615	98199	9
4861	9625	98199	9
1	792	98101	8
2	4872	98101	8
2	4873	98101	8
6	4887	98101	8
6	4888	98101	8
7	4892	98101	8
15	4914	98101	8
21	4928	98101	8
35	4952	98101	8
39	149	98101	8
41	4960	98101	8
44	4966	98101	8
45	4967	98101	8
48	4972	98101	8
57	4986	98101	8
110	5022	98101	8
139	5044	98101	8
141	5045	98101	8
148	5052	98101	8
149	39	98101	8
164	2982	98101	8
165	5065	98101	8
171	172	98101	8
172	171	98101	8
174	5069	98101	8
189	5096	98102	8
189	5097	98102	8
196	5117	98102	8
201	5124	98102	8
207	5139	98102	8
208	5141	98102	8
212	5148	98102	8
214	5152	98102	8
215	5154	98102	8
220	5159	98102	8
248	5064	98102	8
258	5205	98102	8
269	5209	98102	8
284	3354	98102	8
294	4510	98102	8
311	5233	98102	8
315	363	98102	8
324	5239	98102	8
333	3424	98102	8
363	315	98102	8
378	5268	98102	8
392	694	98102	8
419	5291	98102	8
427	5297	98103	8
429	5309	98103	8
430	5313	98103	8
433	5322	98103	8
436	1514	98103	8
441	5350	98103	8
442	4706	98103	8
446	5367	98103	8
447	5371	98103	8
451	5381	98103	8
454	5388	98103	8
457	5397	98103	8
464	5412	98103	8
468	625	98103	8
469	5423	98103	8
470	5426	98103	8
473	5429	98103	8
476	1315	98103	8
478	5436	98103	8
480	2629	98103	8
488	5373	98103	8
489	5448	98103	8
489	2066	98103	8
528	5492	98103	8
554	5512	98103	8
557	5463	98103	8
565	5519	98103	8
588	5536	98103	8
594	5541	98103	8
598	4843	98103	8
625	468	98103	8
636	5569	98103	8
639	2223	98103	8
643	5574	98103	8
644	665	98103	8
645	5575	98103	8
665	644	98103	8
694	392	98103	8
722	5626	98103	8
732	5635	98103	8
747	4610	98103	8
789	2000	98104	8
789	5678	98104	8
790	5682	98104	8
790	5686	98104	8
792	1	98104	8
792	4869	98104	8
793	5703	98104	8
794	5709	98104	8
806	5740	98104	8
812	5753	98104	8
824	5775	98104	8
830	5782	98104	8
858	5805	98104	8
890	5825	98104	8
894	5829	98104	8
904	5837	98104	8
905	5839	98105	8
905	5842	98105	8
905	5846	98105	8
910	5862	98105	8
915	5877	98105	8
922	5892	98105	8
922	5893	98105	8
925	1510	98105	8
933	5914	98105	8
936	5918	98105	8
937	5919	98105	8
945	1548	98105	8
948	5934	98105	8
956	5429	98105	8
960	1071	98105	8
969	971	98105	8
971	969	98105	8
987	1079	98105	8
994	5977	98105	8
996	5978	98105	8
1023	5997	98105	8
1028	1136	98105	8
1033	2291	98105	8
1071	960	98105	8
1079	987	98105	8
1136	1028	98105	8
1155	3604	98105	8
1163	6089	98105	8
1165	6091	98105	8
1184	1219	98106	8
1187	6119	98106	8
1188	6127	98106	8
1192	6142	98106	8
1193	6144	98106	8
1197	6151	98106	8
1201	4272	98106	8
1210	1225	98106	8
1211	6173	98106	8
1216	6180	98106	8
1216	1861	98106	8
1219	1184	98106	8
1225	1210	98106	8
1227	1333	98106	8
1230	6198	98106	8
1232	6202	98106	8
1236	6205	98106	8
1243	2464	98106	8
1246	6210	98106	8
1258	6216	98106	8
1281	6231	98106	8
1292	6239	98106	8
1294	6240	98106	8
1309	6250	98107	8
1310	6257	98107	8
1313	6272	98107	8
1315	476	98107	8
1319	6288	98107	8
1323	6297	98107	8
1323	6298	98107	8
1330	6312	98107	8
1331	1503	98107	8
1333	1227	98107	8
1347	6335	98107	8
1373	6368	98107	8
1382	6376	98107	8
1389	2767	98107	8
1405	2680	98107	8
1438	6408	98107	8
1499	6447	98107	8
1503	1331	98107	8
1508	6453	98109	8
1510	3552	98109	8
1510	925	98109	8
1514	436	98109	8
1517	6491	98109	8
1519	1532	98109	8
1520	6493	98109	8
1521	1995	98109	8
1522	6497	98109	8
1529	6518	98109	8
1532	6526	98109	8
1532	1519	98109	8
1535	6528	98109	8
1546	6546	98109	8
1547	6549	98109	8
1548	3172	98109	8
1548	945	98109	8
1551	2075	98109	8
1561	6566	98109	8
1565	3265	98109	8
1574	6580	98109	8
1584	6593	98109	8
1588	2699	98109	8
1597	6610	98109	8
1613	6459	98109	8
1645	6647	98109	8
1648	6650	98109	8
1697	6681	98109	8
1705	6685	98109	8
1707	1712	98109	8
1712	1707	98109	8
1725	6698	98109	8
1751	6719	98109	8
1765	6730	98109	8
1768	6733	98109	8
1780	4097	98109	8
1787	6747	98109	8
1802	4003	98109	8
1814	6763	98112	8
1815	5030	98112	8
1815	3148	98112	8
1816	1823	98112	8
1818	6788	98112	8
1819	6784	98112	8
1823	1816	98112	8
1824	6802	98112	8
1829	6813	98112	8
1830	6817	98112	8
1833	6457	98112	8
1836	6829	98112	8
1839	6835	98112	8
1846	6849	98112	8
1847	6853	98112	8
1853	6863	98112	8
1861	1216	98112	8
1872	6536	98112	8
1875	6884	98112	8
1916	6905	98112	8
1919	6908	98112	8
1936	2202	98112	8
1959	6933	98112	8
1973	6965	98115	8
1977	6982	98115	8
1978	6986	98115	8
1980	4701	98115	8
1983	6983	98115	8
1983	6975	98115	8
1986	3558	98115	8
1995	1521	98115	8
2000	789	98115	8
2004	7045	98115	8
2007	4413	98115	8
2012	7056	98115	8
2017	7062	98115	8
2033	7081	98115	8
2047	7099	98115	8
2050	7104	98115	8
2064	7122	98115	8
2066	489	98115	8
2067	7124	98115	8
2069	7127	98115	8
2075	1551	98115	8
2077	7137	98115	8
2088	3452	98115	8
2101	7152	98115	8
2107	7157	98115	8
2108	7158	98115	8
2116	2164	98115	8
2133	7177	98115	8
2137	2185	98115	8
2153	7190	98115	8
2156	7193	98115	8
2164	2116	98115	8
2182	2256	98115	8
2185	2137	98115	8
2190	3391	98115	8
2191	7213	98115	8
2197	7216	98115	8
2202	1936	98115	8
2206	2296	98115	8
2223	639	98115	8
2224	7232	98115	8
2232	7240	98115	8
2243	7244	98115	8
2256	2182	98115	8
2288	7263	98115	8
2291	1033	98115	8
2296	2206	98115	8
2304	7274	98115	8
2336	2399	98116	8
2340	7314	98116	8
2340	2453	98116	8
2348	2540	98116	8
2353	7344	98116	8
2355	7346	98116	8
2360	7354	98116	8
2364	7363	98116	8
2369	7367	98116	8
2382	2410	98116	8
2383	7386	98116	8
2385	7389	98116	8
2388	3797	98116	8
2390	7397	98116	8
2392	2429	98116	8
2399	2336	98116	8
2405	7416	98116	8
2410	2382	98116	8
2427	7427	98116	8
2429	2392	98116	8
2453	2340	98116	8
2463	7446	98116	8
2464	1243	98116	8
2471	2547	98116	8
2499	4278	98116	8
2501	2513	98116	8
2513	2501	98116	8
2530	2548	98116	8
2540	2348	98116	8
2547	2471	98116	8
2548	2530	98116	8
2554	7494	98117	8
2556	7504	98117	8
2557	7505	98117	8
2557	7507	98117	8
2560	4572	98117	8
2561	7519	98117	8
2565	7533	98117	8
2566	7534	98117	8
2568	5174	98117	8
2568	3151	98117	8
2571	7547	98117	8
2572	7550	98117	8
2575	7558	98117	8
2585	7498	98117	8
2605	7600	98117	8
2611	7609	98117	8
2613	2615	98117	8
2615	7612	98117	8
2615	2613	98117	8
2618	7616	98117	8
2629	480	98117	8
2636	2763	98117	8
2638	4144	98117	8
2654	7634	98117	8
2680	1405	98117	8
2699	1588	98117	8
2715	2719	98117	8
2717	7670	98117	8
2719	2715	98117	8
2735	7678	98117	8
2743	7683	98117	8
2746	7686	98117	8
2763	2636	98117	8
2764	7696	98117	8
2767	1389	98117	8
2773	7712	98118	8
2775	2842	98118	8
2778	4251	98118	8
2788	7742	98118	8
2790	7746	98118	8
2829	7789	98118	8
2842	2775	98118	8
2846	7800	98118	8
2909	7840	98118	8
2916	7845	98118	8
2924	7850	98118	8
2926	6467	98119	8
2926	6468	98119	8
2926	7773	98119	8
2929	7860	98119	8
2929	7861	98119	8
2933	4699	98119	8
2936	7891	98119	8
2937	7896	98119	8
2943	6579	98119	8
2945	3071	98119	8
2979	7963	98119	8
2982	164	98119	8
2990	7974	98119	8
2992	7977	98119	8
2998	7982	98119	8
3000	7985	98119	8
3001	3025	98119	8
3015	7994	98119	8
3021	4814	98119	8
3025	3001	98119	8
3031	3470	98119	8
3055	8016	98119	8
3071	2945	98119	8
3078	4825	98119	8
3088	8032	98119	8
3098	8038	98119	8
3143	8062	98121	8
3144	8068	98121	8
3148	6774	98121	8
3148	1815	98121	8
3151	2568	98121	8
3152	8092	98121	8
3154	8097	98121	8
3156	8101	98121	8
3163	8112	98121	8
3164	8116	98121	8
3172	1548	98121	8
3176	4948	98121	8
3179	8139	98121	8
3182	8142	98121	8
3182	3183	98121	8
3183	8142	98121	8
3183	3182	98121	8
3192	8153	98121	8
3198	8162	98121	8
3199	7432	98121	8
3201	8165	98121	8
3213	8174	98121	8
3243	8193	98121	8
3252	8198	98121	8
3256	4441	98121	8
3257	8202	98121	8
3258	8203	98121	8
3265	1565	98121	8
3277	8211	98121	8
3294	8225	98121	8
3299	8228	98121	8
3310	8234	98121	8
3319	8239	98121	8
3329	8250	98122	8
3330	8253	98122	8
3336	8267	98122	8
3347	8287	98122	8
3354	284	98122	8
3360	8301	98122	8
3377	6330	98122	8
3391	2190	98122	8
3391	5542	98122	8
3403	8351	98122	8
3409	8354	98122	8
3424	333	98122	8
3435	8367	98122	8
3444	8371	98122	8
3448	8373	98122	8
3452	2088	98122	8
3470	3031	98122	8
3471	8386	98122	8
3476	4301	98122	8
3482	8392	98122	8
3530	8425	98122	8
3550	8434	98125	8
3552	1510	98125	8
3552	6468	98125	8
3558	1986	98125	8
3564	8462	98125	8
3571	8476	98125	8
3572	8477	98125	8
3576	3692	98125	8
3577	8485	98125	8
3594	8509	98125	8
3597	7085	98125	8
3598	8515	98125	8
3604	1155	98125	8
3607	8525	98125	8
3653	3734	98125	8
3656	8560	98125	8
3682	8576	98125	8
3692	3576	98125	8
3698	8588	98125	8
3706	8594	98125	8
3709	8596	98125	8
3734	3653	98125	8
3757	8625	98125	8
3761	8627	98125	8
3774	8636	98125	8
3779	8639	98125	8
3797	2388	98126	8
3799	7493	98126	8
3799	7494	98126	8
3808	8677	98126	8
3815	8685	98126	8
3817	8687	98126	8
3822	8696	98126	8
3828	5483	98126	8
3862	8730	98126	8
3894	5121	98126	8
3896	8749	98126	8
3897	8750	98126	8
3928	8766	98126	8
3937	8779	98133	8
3938	8443	98133	8
3944	8801	98133	8
3952	8818	98133	8
3952	7088	98133	8
3953	8820	98133	8
3967	8844	98133	8
3968	8848	98133	8
3972	8856	98133	8
3974	8858	98133	8
3977	8864	98133	8
3979	8867	98133	8
3988	4070	98133	8
4002	8893	98133	8
4003	1802	98133	8
4007	8901	98133	8
4009	5601	98133	8
4010	8904	98133	8
4021	8919	98133	8
4036	4046	98133	8
4046	4036	98133	8
4070	3988	98133	8
4072	8953	98133	8
4074	4148	98133	8
4083	8960	98133	8
4095	8971	98133	8
4097	1780	98133	8
4115	8984	98133	8
4134	8997	98133	8
4144	2638	98133	8
4148	4074	98133	8
4234	9063	98133	8
4251	2778	98134	8
4272	1201	98136	8
4278	2499	98136	8
4295	9141	98136	8
4301	3476	98136	8
4310	9149	98136	8
4343	9167	98136	8
4350	9169	98136	8
4362	9174	98136	8
4369	9179	98136	8
4374	4380	98136	8
4379	9185	98136	8
4380	4374	98136	8
4386	9197	98144	8
4392	9213	98144	8
4393	9214	98144	8
4406	9237	98144	8
4413	2007	98144	8
4441	3256	98144	8
4443	9276	98144	8
4482	9307	98144	8
4496	9317	98144	8
4510	294	98144	8
4530	5678	98177	8
4532	8849	98177	8
4537	4684	98177	8
4538	9368	98177	8
4542	9380	98177	8
4542	9381	98177	8
4562	9404	98177	8
4570	9412	98177	8
4572	2560	98177	8
4586	4672	98177	8
4589	4687	98177	8
4608	9445	98177	8
4610	747	98177	8
4617	9449	98177	8
4623	9452	98177	8
4659	9476	98177	8
4672	4586	98177	8
4684	4537	98177	8
4687	4589	98177	8
4688	9492	98177	8
4698	4705	98199	8
4699	2933	98199	8
4701	9500	98199	8
4701	1980	98199	8
4705	4698	98199	8
4706	442	98199	8
4707	9513	98199	8
4709	9519	98199	8
4717	9532	98199	8
4725	9531	98199	8
4733	9553	98199	8
4741	9562	98199	8
4743	9563	98199	8
4748	9569	98199	8
4749	6720	98199	8
4758	9575	98199	8
4760	4817	98199	8
4773	4798	98199	8
4798	4773	98199	8
4814	3021	98199	8
4817	4760	98199	8
4825	3078	98199	8
4843	598	98199	8
4850	9617	98199	8
4863	9627	98199	8
1	4868	98101	7
13	4908	98101	7
23	4934	98101	7
38	4956	98101	7
38	4957	98101	7
42	4961	98101	7
48	3999	98101	7
51	4975	98101	7
60	4990	98101	7
62	4991	98101	7
93	2773	98101	7
115	5026	98101	7
116	173	98101	7
121	5031	98101	7
138	5043	98101	7
143	5047	98101	7
158	5060	98101	7
159	5061	98101	7
166	4775	98101	7
173	116	98101	7
181	5074	98102	7
181	5077	98102	7
183	5084	98102	7
189	5099	98102	7
198	5119	98102	7
204	5132	98102	7
210	1316	98102	7
222	5162	98102	7
232	5171	98102	7
234	427	98102	7
242	5191	98102	7
260	323	98102	7
264	345	98102	7
300	5226	98102	7
323	260	98102	7
345	264	98102	7
351	1698	98102	7
364	377	98102	7
375	5267	98102	7
377	364	98102	7
383	1827	98102	7
416	1179	98102	7
417	5289	98102	7
425	4039	98102	7
426	5295	98102	7
427	234	98103	7
429	5311	98103	7
433	5325	98103	7
433	5326	98103	7
434	5331	98103	7
435	5336	98103	7
438	5345	98103	7
439	5111	98103	7
441	5352	98103	7
446	5369	98103	7
448	5374	98103	7
451	508	98103	7
452	5382	98103	7
458	5398	98103	7
461	5403	98103	7
469	5424	98103	7
470	5425	98103	7
473	956	98103	7
493	2947	98103	7
494	4930	98103	7
508	451	98103	7
534	5496	98103	7
551	5509	98103	7
571	5525	98103	7
578	712	98103	7
587	5535	98103	7
593	5540	98103	7
608	5552	98103	7
613	4537	98103	7
617	5556	98103	7
621	5559	98103	7
630	5565	98103	7
633	5566	98103	7
635	5568	98103	7
655	5582	98103	7
674	5592	98103	7
677	5334	98103	7
685	1901	98103	7
688	5600	98103	7
692	5603	98103	7
702	5609	98103	7
712	578	98103	7
715	5619	98103	7
748	5648	98103	7
787	5672	98103	7
789	4530	98104	7
789	5681	98104	7
791	5698	98104	7
794	5710	98104	7
797	5720	98104	7
798	5723	98104	7
801	5730	98104	7
805	3543	98104	7
805	5475	98104	7
808	5746	98104	7
818	5764	98104	7
822	5041	98104	7
844	3143	98104	7
847	5797	98104	7
848	5798	98104	7
865	5809	98104	7
869	5813	98104	7
902	5835	98104	7
906	5848	98105	7
911	1986	98105	7
911	5865	98105	7
911	5867	98105	7
915	5878	98105	7
921	5891	98105	7
924	5898	98105	7
927	5902	98105	7
938	3557	98105	7
942	5925	98105	7
956	473	98105	7
965	5956	98105	7
967	5959	98105	7
1003	5984	98105	7
1011	5990	98105	7
1021	1177	98105	7
1057	6022	98105	7
1059	6024	98105	7
1089	4694	98105	7
1127	6069	98105	7
1128	6070	98105	7
1137	5937	98105	7
1150	6080	98105	7
1174	6096	98105	7
1177	1021	98105	7
1179	416	98105	7
1185	6112	98106	7
1185	6113	98106	7
1186	4272	98106	7
1191	6138	98106	7
1194	4361	98106	7
1222	6190	98106	7
1233	6204	98106	7
1263	6219	98106	7
1285	1298	98106	7
1288	6235	98106	7
1298	1285	98106	7
1315	6279	98107	7
1316	210	98107	7
1324	6299	98107	7
1326	6303	98107	7
1330	6313	98107	7
1332	6315	98107	7
1337	6322	98107	7
1343	6330	98107	7
1346	6334	98107	7
1349	6339	98107	7
1362	6357	98107	7
1364	6359	98107	7
1407	6390	98107	7
1417	6396	98107	7
1436	2262	98107	7
1437	6407	98107	7
1441	6410	98107	7
1461	6423	98107	7
1465	6425	98107	7
1469	6427	98107	7
1512	6474	98109	7
1513	2569	98109	7
1515	6484	98109	7
1521	6495	98109	7
1527	6513	98109	7
1528	6516	98109	7
1535	2089	98109	7
1542	6535	98109	7
1542	6536	98109	7
1545	6542	98109	7
1548	6551	98109	7
1554	2965	98109	7
1563	6487	98109	7
1565	6571	98109	7
1566	6573	98109	7
1576	6582	98109	7
1586	6595	98109	7
1589	6599	98109	7
1600	6614	98109	7
1609	6625	98109	7
1623	6634	98109	7
1633	2968	98109	7
1634	6640	98109	7
1635	6641	98109	7
1640	1694	98109	7
1644	3216	98109	7
1682	6673	98109	7
1686	5109	98109	7
1694	1640	98109	7
1698	351	98109	7
1713	6690	98109	7
1719	6695	98109	7
1737	6709	98109	7
1778	6740	98109	7
1786	6746	98109	7
1813	1823	98112	7
1814	6764	98112	7
1814	6765	98112	7
1818	6785	98112	7
1818	6786	98112	7
1819	6786	98112	7
1819	6789	98112	7
1821	6793	98112	7
1821	6797	98112	7
1823	1813	98112	7
1827	383	98112	7
1828	6811	98112	7
1832	6823	98112	7
1834	6827	98112	7
1837	5064	98112	7
1841	6836	98112	7
1848	6479	98112	7
1865	6872	98112	7
1867	6875	98112	7
1872	6534	98112	7
1880	6887	98112	7
1901	685	98112	7
1970	6940	98112	7
1972	2068	98115	7
1972	5873	98115	7
1973	6958	98115	7
1973	6963	98115	7
1978	6987	98115	7
1978	6989	98115	7
1981	6975	98115	7
1982	6995	98115	7
1986	911	98115	7
1988	7013	98115	7
2004	2028	98115	7
2010	7055	98115	7
2011	3558	98115	7
2018	7064	98115	7
2026	7072	98115	7
2028	7045	98115	7
2028	2004	98115	7
2034	7082	98115	7
2041	7092	98115	7
2059	5321	98115	7
2060	7117	98115	7
2065	2247	98115	7
2066	2104	98115	7
2068	7125	98115	7
2068	1972	98115	7
2075	6553	98115	7
2089	1535	98115	7
2104	2066	98115	7
2214	7226	98115	7
2247	2065	98115	7
2262	1436	98115	7
2279	7260	98115	7
2287	7262	98115	7
2297	7269	98115	7
2316	7282	98115	7
2319	7284	98115	7
2320	7285	98115	7
2323	7288	98115	7
2336	2437	98116	7
2340	7315	98116	7
2346	6605	98116	7
2351	7341	98116	7
2362	7360	98116	7
2370	5956	98116	7
2377	7376	98116	7
2396	7406	98116	7
2406	7417	98116	7
2413	7420	98116	7
2416	4430	98116	7
2424	7425	98116	7
2437	2336	98116	7
2439	7431	98116	7
2448	7435	98116	7
2481	7456	98116	7
2493	7463	98116	7
2528	4329	98116	7
2529	7355	98116	7
2534	7485	98116	7
2538	7488	98116	7
2554	7129	98117	7
2554	7493	98117	7
2554	7496	98117	7
2555	7497	98117	7
2555	7499	98117	7
2556	7502	98117	7
2556	7503	98117	7
2557	7506	98117	7
2557	7509	98117	7
2563	7526	98117	7
2565	2927	98117	7
2569	5100	98117	7
2569	1513	98117	7
2574	3325	98117	7
2577	4900	98117	7
2579	3151	98117	7
2590	2626	98117	7
2607	7604	98117	7
2616	7613	98117	7
2626	2590	98117	7
2662	7641	98117	7
2670	7648	98117	7
2684	7655	98117	7
2703	5818	98117	7
2711	7668	98117	7
2736	7679	98117	7
2755	7691	98117	7
2758	7694	98117	7
2773	93	98118	7
2773	7710	98118	7
2775	2777	98118	7
2775	2831	98118	7
2776	7715	98118	7
2777	2775	98118	7
2781	7727	98118	7
2783	7730	98118	7
2785	7732	98118	7
2785	7734	98118	7
2786	7735	98118	7
2794	7752	98118	7
2808	7770	98118	7
2831	2775	98118	7
2866	7813	98118	7
2885	7826	98118	7
2919	7847	98118	7
2926	2928	98119	7
2927	2565	98119	7
2928	6487	98119	7
2928	2926	98119	7
2929	7862	98119	7
2930	7870	98119	7
2938	7899	98119	7
2947	493	98119	7
2949	6630	98119	7
2952	7926	98119	7
2955	3107	98119	7
2965	1554	98119	7
2968	1633	98119	7
2972	7953	98119	7
2975	7956	98119	7
2985	7966	98119	7
2987	7968	98119	7
2996	7980	98119	7
3027	8001	98119	7
3030	8003	98119	7
3060	8018	98119	7
3075	8024	98119	7
3076	8025	98119	7
3077	3090	98119	7
3080	8026	98119	7
3090	3077	98119	7
3094	8034	98119	7
3097	8037	98119	7
3099	3132	98119	7
3107	2955	98119	7
3132	3099	98119	7
3133	8055	98119	7
3143	844	98121	7
3144	8073	98121	7
3146	6610	98121	7
3146	6611	98121	7
3151	2579	98121	7
3152	3267	98121	7
3157	3341	98121	7
3157	8103	98121	7
3159	8105	98121	7
3163	8113	98121	7
3165	8119	98121	7
3180	8141	98121	7
3187	5332	98121	7
3192	8152	98121	7
3195	4280	98121	7
3196	8158	98121	7
3202	8166	98121	7
3209	8172	98121	7
3216	1644	98121	7
3267	3152	98121	7
3307	3309	98121	7
3309	3307	98121	7
3324	6734	98122	7
3325	2574	98122	7
3328	6822	98122	7
3328	8249	98122	7
3331	8257	98122	7
3331	8258	98122	7
3331	8259	98122	7
3332	8262	98122	7
3339	8271	98122	7
3341	3157	98122	7
3341	5764	98122	7
3342	8085	98122	7
3346	8283	98122	7
3346	8284	98122	7
3351	8292	98122	7
3371	8319	98122	7
3378	8328	98122	7
3380	8332	98122	7
3397	8168	98122	7
3402	8350	98122	7
3432	7443	98122	7
3440	4695	98122	7
3461	8382	98122	7
3468	8385	98122	7
3499	8404	98122	7
3512	8412	98122	7
3514	8355	98122	7
3533	8426	98122	7
3537	3547	98122	7
3541	8429	98122	7
3542	8430	98122	7
3543	805	98122	7
3547	3537	98122	7
3551	3697	98125	7
3557	938	98125	7
3558	2011	98125	7
3558	5866	98125	7
3565	3677	98125	7
3566	3973	98125	7
3569	8473	98125	7
3587	8502	98125	7
3593	8508	98125	7
3606	7604	98125	7
3619	8536	98125	7
3633	8546	98125	7
3639	8548	98125	7
3648	3768	98125	7
3666	8565	98125	7
3677	3565	98125	7
3691	8584	98125	7
3697	3551	98125	7
3702	8590	98125	7
3724	8607	98125	7
3735	3786	98125	7
3738	4568	98125	7
3753	3791	98125	7
3768	3648	98125	7
3786	3735	98125	7
3788	8643	98125	7
3791	3753	98125	7
3796	8650	98126	7
3798	6115	98126	7
3798	8659	98126	7
3798	8660	98126	7
3804	8670	98126	7
3804	8672	98126	7
3809	8678	98126	7
3826	8704	98126	7
3827	8705	98126	7
3836	8711	98126	7
3847	8719	98126	7
3864	8414	98126	7
3891	8746	98126	7
3926	6899	98126	7
3940	8787	98133	7
3941	5840	98133	7
3942	7336	98133	7
3944	8802	98133	7
3946	8808	98133	7
3959	8827	98133	7
3962	8838	98133	7
3967	8845	98133	7
3973	3566	98133	7
3990	4532	98133	7
3999	48	98133	7
4001	6729	98133	7
4017	4231	98133	7
4019	8916	98133	7
4024	8922	98133	7
4037	8934	98133	7
4039	425	98133	7
4045	8938	98133	7
4061	6814	98133	7
4067	4169	98133	7
4068	4690	98133	7
4080	8959	98133	7
4096	8972	98133	7
4143	9003	98133	7
4161	9016	98133	7
4166	9020	98133	7
4169	4067	98133	7
4170	9022	98133	7
4184	9030	98133	7
4186	6992	98133	7
4189	9034	98133	7
4190	9035	98133	7
4219	9053	98133	7
4225	9058	98133	7
4231	4017	98133	7
4245	9070	98133	7
4251	7719	98134	7
4260	9085	98134	7
4264	9089	98134	7
4265	9090	98136	7
4269	9105	98136	7
4270	9106	98136	7
4272	1186	98136	7
4275	9118	98136	7
4278	9123	98136	7
4280	3195	98136	7
4281	9126	98136	7
4284	9132	98136	7
4290	9136	98136	7
4291	6457	98136	7
4291	9137	98136	7
4329	2528	98136	7
4337	9163	98136	7
4346	7827	98136	7
4361	1194	98136	7
4385	5838	98144	7
4385	5841	98144	7
4387	4394	98144	7
4387	9200	98144	7
4390	4396	98144	7
4391	9209	98144	7
4393	9216	98144	7
4393	9217	98144	7
4394	4387	98144	7
4396	4390	98144	7
4420	9255	98144	7
4430	2416	98144	7
4448	9280	98144	7
4449	9281	98144	7
4460	9289	98144	7
4474	9301	98144	7
4475	9302	98144	7
4490	9312	98144	7
4530	789	98177	7
4532	3990	98177	7
4532	9353	98177	7
4537	613	98177	7
4540	4579	98177	7
4541	9377	98177	7
4542	9379	98177	7
4556	7259	98177	7
4568	3738	98177	7
4569	9401	98177	7
4573	9353	98177	7
4574	9417	98177	7
4574	9418	98177	7
4578	9425	98177	7
4579	4540	98177	7
4603	9441	98177	7
4613	9446	98177	7
4643	9464	98177	7
4675	6549	98177	7
4685	6246	98177	7
4690	4068	98177	7
4694	1089	98195	7
4695	3440	98195	7
4698	7511	98199	7
4716	4725	98199	7
4722	4835	98199	7
4723	7907	98199	7
4724	9543	98199	7
4725	4716	98199	7
4733	9552	98199	7
4745	9567	98199	7
4753	9573	98199	7
4765	9578	98199	7
4775	166	98199	7
4819	4851	98199	7
4824	9605	98199	7
4835	4722	98199	7
4837	9612	98199	7
4851	4819	98199	7
4853	9619	98199	7
1	4867	98101	6
1	4869	98101	6
6	4889	98101	6
10	4899	98101	6
16	4917	98101	6
18	4921	98101	6
29	4942	98101	6
37	3335	98101	6
45	4968	98101	6
52	4978	98101	6
53	2642	98101	6
64	4993	98101	6
73	3234	98101	6
111	5023	98101	6
117	5027	98101	6
128	5036	98101	6
155	5057	98101	6
180	4796	98101	6
184	427	98102	6
184	440	98102	6
184	2035	98102	6
188	5094	98102	6
190	2569	98102	6
191	5105	98102	6
204	2725	98102	6
215	5153	98102	6
216	5138	98102	6
220	2040	98102	6
225	5167	98102	6
228	5171	98102	6
235	1556	98102	6
237	5183	98102	6
254	5202	98102	6
263	5207	98102	6
272	5211	98102	6
289	3491	98102	6
297	334	98102	6
303	5227	98102	6
307	3408	98102	6
334	297	98102	6
335	1577	98102	6
336	5245	98102	6
369	5263	98102	6
388	1352	98102	6
390	5274	98102	6
394	3506	98102	6
427	184	98103	6
427	908	98103	6
427	5085	98103	6
428	5302	98103	6
440	184	98103	6
443	5359	98103	6
444	5363	98103	6
445	3566	98103	6
450	5378	98103	6
458	5399	98103	6
461	5405	98103	6
468	5422	98103	6
479	495	98103	6
486	611	98103	6
491	5451	98103	6
495	479	98103	6
500	5463	98103	6
508	5381	98103	6
514	5476	98103	6
518	5481	98103	6
521	5484	98103	6
522	5486	98103	6
538	5500	98103	6
545	5504	98103	6
548	5507	98103	6
550	5508	98103	6
553	5511	98103	6
570	5524	98103	6
572	5526	98103	6
573	5527	98103	6
604	5548	98103	6
611	486	98103	6
619	5557	98103	6
626	5562	98103	6
648	5578	98103	6
683	5597	98103	6
703	5610	98103	6
707	5613	98103	6
745	5646	98103	6
759	5655	98103	6
791	5691	98104	6
791	5696	98104	6
792	4867	98104	6
792	5699	98104	6
794	5708	98104	6
797	5721	98104	6
804	5606	98104	6
813	5756	98104	6
825	5776	98104	6
826	5778	98104	6
852	5801	98104	6
864	877	98104	6
877	864	98104	6
879	5817	98104	6
907	5852	98105	6
907	5854	98105	6
908	427	98105	6
909	5860	98105	6
912	934	98105	6
912	5870	98105	6
927	1972	98105	6
930	5908	98105	6
931	5912	98105	6
934	912	98105	6
936	950	98105	6
937	2784	98105	6
939	5920	98105	6
940	4554	98105	6
950	936	98105	6
951	5937	98105	6
953	5940	98105	6
955	5944	98105	6
968	1214	98105	6
970	5960	98105	6
973	5962	98105	6
980	1631	98105	6
982	5968	98105	6
992	5975	98105	6
1001	5982	98105	6
1031	3594	98105	6
1037	6004	98105	6
1038	6005	98105	6
1044	6010	98105	6
1051	6016	98105	6
1053	6018	98105	6
1077	1273	98105	6
1087	6044	98105	6
1088	6045	98105	6
1105	6053	98105	6
1117	1133	98105	6
1123	6065	98105	6
1124	6066	98105	6
1132	6072	98105	6
1133	1117	98105	6
1164	6090	98105	6
1184	6106	98106	6
1187	6118	98106	6
1187	6122	98106	6
1189	6128	98106	6
1189	6131	98106	6
1191	6139	98106	6
1196	6148	98106	6
1208	2020	98106	6
1214	968	98106	6
1217	6182	98106	6
1221	6189	98106	6
1224	5465	98106	6
1228	6195	98106	6
1230	6199	98106	6
1235	1282	98106	6
1249	6211	98106	6
1251	6213	98106	6
1256	4365	98106	6
1265	6221	98106	6
1266	3923	98106	6
1269	5622	98106	6
1273	1077	98106	6
1282	1235	98106	6
1297	1536	98106	6
1300	6242	98106	6
1309	4191	98107	6
1309	6255	98107	6
1310	6256	98107	6
1312	4389	98107	6
1318	6287	98107	6
1328	6306	98107	6
1334	6318	98107	6
1338	2500	98107	6
1345	6333	98107	6
1352	388	98107	6
1371	6366	98107	6
1374	6369	98107	6
1380	6375	98107	6
1381	1775	98107	6
1386	6349	98107	6
1390	3563	98107	6
1401	6385	98107	6
1404	6388	98107	6
1419	6398	98107	6
1446	6411	98107	6
1476	6433	98107	6
1481	6435	98107	6
1511	6471	98109	6
1515	1518	98109	6
1518	6483	98109	6
1518	1515	98109	6
1518	6485	98109	6
1521	5956	98109	6
1522	2890	98109	6
1526	6509	98109	6
1536	1297	98109	6
1543	6538	98109	6
1545	6544	98109	6
1549	6552	98109	6
1556	235	98109	6
1558	6561	98109	6
1559	4409	98109	6
1562	6567	98109	6
1573	2943	98109	6
1575	2946	98109	6
1575	4832	98109	6
1577	335	98109	6
1578	6583	98109	6
1601	6615	98109	6
1614	5792	98109	6
1615	6627	98109	6
1621	6632	98109	6
1631	980	98109	6
1636	6642	98109	6
1652	6653	98109	6
1667	6663	98109	6
1674	6667	98109	6
1679	3228	98109	6
1714	2640	98109	6
1715	6691	98109	6
1727	6700	98109	6
1735	6707	98109	6
1763	6728	98109	6
1775	1381	98109	6
1781	6742	98109	6
1805	2889	98109	6
1812	6761	98109	6
1816	6777	98112	6
1819	6787	98112	6
1821	6795	98112	6
1823	1859	98112	6
1831	6819	98112	6
1839	6833	98112	6
1840	6767	98112	6
1848	6854	98112	6
1849	6856	98112	6
1850	6857	98112	6
1859	1823	98112	6
1861	6180	98112	6
1865	2994	98112	6
1867	6874	98112	6
1873	6882	98112	6
1879	6886	98112	6
1885	6766	98112	6
1889	1951	98112	6
1915	5115	98112	6
1923	1958	98112	6
1940	6919	98112	6
1951	1889	98112	6
1958	1923	98112	6
1972	6952	98115	6
1972	6954	98115	6
1972	927	98115	6
1973	6961	98115	6
1975	6973	98115	6
1975	6975	98115	6
1976	6978	98115	6
1976	4889	98115	6
1982	3803	98115	6
1983	6973	98115	6
1988	6134	98115	6
1992	7019	98115	6
1992	4418	98115	6
1997	7026	98115	6
1998	7031	98115	6
2000	7035	98115	6
2001	7037	98115	6
2003	7042	98115	6
2003	7044	98115	6
2006	7047	98115	6
2013	7057	98115	6
2019	5385	98115	6
2020	1208	98115	6
2024	7070	98115	6
2030	7076	98115	6
2035	184	98115	6
2037	3597	98115	6
2039	7089	98115	6
2040	220	98115	6
2058	7116	98115	6
2091	7145	98115	6
2097	7148	98115	6
2119	6703	98115	6
2128	7173	98115	6
2130	7175	98115	6
2157	5005	98115	6
2171	7204	98115	6
2172	7205	98115	6
2175	4723	98115	6
2178	4649	98115	6
2179	7209	98115	6
2192	7214	98115	6
2204	7220	98115	6
2231	7239	98115	6
2253	7247	98115	6
2295	7268	98115	6
2311	3420	98115	6
2332	6631	98115	6
2336	2444	98116	6
2341	7319	98116	6
2344	7328	98116	6
2344	7329	98116	6
2345	7332	98116	6
2347	3550	98116	6
2347	7335	98116	6
2354	6620	98116	6
2357	6532	98116	6
2365	7298	98116	6
2371	7369	98116	6
2382	2510	98116	6
2393	7402	98116	6
2395	7405	98116	6
2402	7414	98116	6
2430	2443	98116	6
2443	2430	98116	6
2444	2336	98116	6
2459	7442	98116	6
2500	1338	98116	6
2510	2382	98116	6
2517	4284	98116	6
2546	7491	98116	6
2557	7508	98117	6
2558	4703	98117	6
2561	7517	98117	6
2563	7524	98117	6
2566	7537	98117	6
2569	190	98117	6
2574	2591	98117	6
2576	6469	98117	6
2577	4899	98117	6
2589	7578	98117	6
2591	2574	98117	6
2598	2686	98117	6
2604	7598	98117	6
2613	7612	98117	6
2617	7615	98117	6
2633	4726	98117	6
2640	1714	98117	6
2642	53	98117	6
2643	3032	98117	6
2648	7631	98117	6
2658	7637	98117	6
2659	7638	98117	6
2686	2598	98117	6
2724	7673	98117	6
2725	204	98117	6
2731	7677	98117	6
2740	7681	98117	6
2759	6850	98117	6
2769	7699	98117	6
2774	5081	98118	6
2778	7718	98118	6
2784	937	98118	6
2785	7733	98118	6
2787	7738	98118	6
2788	7740	98118	6
2791	2881	98118	6
2795	7753	98118	6
2797	7755	98118	6
2798	7756	98118	6
2803	7761	98118	6
2814	7777	98118	6
2814	7778	98118	6
2825	2898	98118	6
2830	7790	98118	6
2881	2791	98118	6
2889	1805	98118	6
2890	1522	98118	6
2898	2825	98118	6
2911	7841	98118	6
2927	6522	98119	6
2930	7866	98119	6
2930	6700	98119	6
2930	7871	98119	6
2933	7879	98119	6
2933	7881	98119	6
2937	7895	98119	6
2938	7900	98119	6
2939	7905	98119	6
2941	7907	98119	6
2943	1573	98119	6
2946	1575	98119	6
2947	5454	98119	6
2953	7927	98119	6
2968	7950	98119	6
2974	7955	98119	6
2994	1865	98119	6
2999	7983	98119	6
3003	4020	98119	6
3005	6630	98119	6
3013	7992	98119	6
3032	2643	98119	6
3037	8006	98119	6
3054	8015	98119	6
3093	4601	98119	6
3108	8041	98119	6
3111	8043	98119	6
3119	8048	98119	6
3139	8058	98119	6
3143	8060	98121	6
3144	8071	98121	6
3151	7541	98121	6
3154	8096	98121	6
3158	6530	98121	6
3165	7627	98121	6
3180	8140	98121	6
3189	8148	98121	6
3193	8155	98121	6
3197	8160	98121	6
3211	3246	98121	6
3222	8179	98121	6
3226	8120	98121	6
3228	1679	98121	6
3229	8182	98121	6
3231	8183	98121	6
3234	73	98121	6
3244	8194	98121	6
3245	8195	98121	6
3246	3211	98121	6
3249	4892	98121	6
3274	5332	98121	6
3278	8212	98121	6
3285	8217	98121	6
3329	5472	98122	6
3330	8255	98122	6
3335	37	98122	6
3345	8281	98122	6
3345	8282	98122	6
3348	7070	98122	6
3356	8297	98122	6
3364	6997	98122	6
3387	8341	98122	6
3389	8343	98122	6
3408	307	98122	6
3420	2311	98122	6
3431	3508	98122	6
3491	289	98122	6
3497	8402	98122	6
3506	394	98122	6
3508	3431	98122	6
3511	8411	98122	6
3524	8422	98122	6
3550	2347	98125	6
3551	8436	98125	6
3554	8444	98125	6
3554	8445	98125	6
3556	8448	98125	6
3563	1390	98125	6
3566	445	98125	6
3568	8471	98125	6
3575	3637	98125	6
3581	8491	98125	6
3582	8493	98125	6
3584	8495	98125	6
3584	8496	98125	6
3585	8498	98125	6
3586	8499	98125	6
3591	3726	98125	6
3594	1031	98125	6
3597	2037	98125	6
3599	8516	98125	6
3605	8524	98125	6
3610	4402	98125	6
3618	8535	98125	6
3637	3575	98125	6
3641	8550	98125	6
3655	8559	98125	6
3660	6054	98125	6
3665	8564	98125	6
3678	8573	98125	6
3690	8583	98125	6
3726	3591	98125	6
3728	8610	98125	6
3769	8631	98125	6
3770	8632	98125	6
3771	8633	98125	6
3778	8638	98125	6
3795	8547	98125	6
3796	8656	98126	6
3797	3942	98126	6
3797	7336	98126	6
3800	8663	98126	6
3803	1982	98126	6
3807	8085	98126	6
3807	8087	98126	6
3808	8675	98126	6
3810	3861	98126	6
3811	8680	98126	6
3815	8686	98126	6
3819	8691	98126	6
3821	8694	98126	6
3842	8716	98126	6
3845	8718	98126	6
3852	8724	98126	6
3855	8726	98126	6
3857	8728	98126	6
3861	3810	98126	6
3877	7486	98126	6
3884	8742	98126	6
3892	8747	98126	6
3895	3902	98126	6
3902	3895	98126	6
3906	8755	98126	6
3918	8760	98126	6
3923	1266	98126	6
3933	8770	98126	6
3939	8785	98133	6
3940	8786	98133	6
3942	3797	98133	6
3943	3963	98133	6
3944	8805	98133	6
3945	4054	98133	6
3946	8806	98133	6
3946	8807	98133	6
3948	8813	98133	6
3951	8817	98133	6
3954	5342	98133	6
3955	5451	98133	6
3955	4180	98133	6
3962	8836	98133	6
3962	8837	98133	6
3963	3943	98133	6
3983	8870	98133	6
3995	8886	98133	6
4002	8894	98133	6
4003	8895	98133	6
4006	8900	98133	6
4009	8903	98133	6
4019	8915	98133	6
4020	3003	98133	6
4031	8930	98133	6
4041	8936	98133	6
4042	4165	98133	6
4054	3945	98133	6
4057	5864	98133	6
4086	8963	98133	6
4103	8975	98133	6
4117	4159	98133	6
4118	8985	98133	6
4129	8796	98133	6
4139	9000	98133	6
4159	4117	98133	6
4165	4042	98133	6
4176	9025	98133	6
4180	3955	98133	6
4191	1309	98133	6
4207	9047	98133	6
4267	7568	98136	6
4267	7570	98136	6
4270	9108	98136	6
4284	2517	98136	6
4311	4321	98136	6
4313	7868	98136	6
4314	9151	98136	6
4321	4311	98136	6
4325	9156	98136	6
4348	4363	98136	6
4363	4348	98136	6
4365	1256	98136	6
4385	8774	98144	6
4385	9041	98144	6
4385	9193	98144	6
4387	4401	98144	6
4387	4428	98144	6
4389	1312	98144	6
4394	4428	98144	6
4401	4387	98144	6
4402	3610	98144	6
4406	9236	98144	6
4408	9241	98144	6
4409	1559	98144	6
4418	1992	98144	6
4421	9256	98144	6
4428	4387	98144	6
4428	4394	98144	6
4432	9267	98144	6
4436	9272	98144	6
4438	9274	98144	6
4444	9277	98144	6
4451	9283	98144	6
4469	9297	98144	6
4471	8466	98144	6
4477	6304	98144	6
4501	9320	98144	6
4505	5687	98144	6
4524	9334	98144	6
4529	9343	98177	6
4534	9356	98177	6
4535	9358	98177	6
4536	4702	98177	6
4536	9363	98177	6
4540	9374	98177	6
4544	8799	98177	6
4546	9353	98177	6
4548	9390	98177	6
4554	940	98177	6
4555	6309	98177	6
4571	9414	98177	6
4580	9427	98177	6
4591	9432	98177	6
4593	9434	98177	6
4595	9435	98177	6
4599	9439	98177	6
4601	3093	98177	6
4646	9467	98177	6
4649	2178	98177	6
4653	9473	98177	6
4676	9485	98177	6
4702	4536	98199	6
4703	4735	98199	6
4703	9505	98199	6
4703	2558	98199	6
4705	7511	98199	6
4709	9518	98199	6
4710	9522	98199	6
4713	5714	98199	6
4717	9533	98199	6
4717	9534	98199	6
4722	4767	98199	6
4723	2175	98199	6
4726	2633	98199	6
4729	9547	98199	6
4732	9551	98199	6
4735	4703	98199	6
4755	7366	98199	6
4767	4722	98199	6
4796	180	98199	6
4799	9594	98199	6
4815	9602	98199	6
4823	9604	98199	6
4831	9610	98199	6
4832	1575	98199	6
4860	9624	98199	6
3	3174	98101	5
3	502	98101	5
12	4904	98101	5
21	4715	98101	5
28	4925	98101	5
29	4943	98101	5
49	912	98101	5
51	4976	98101	5
59	4989	98101	5
65	95	98101	5
88	3911	98101	5
95	65	98101	5
98	5013	98101	5
105	4053	98101	5
129	5037	98101	5
145	5049	98101	5
153	1695	98101	5
196	5116	98102	5
200	1817	98102	5
206	5136	98102	5
223	5165	98102	5
229	5084	98102	5
243	5193	98102	5
246	5197	98102	5
249	5155	98102	5
251	356	98102	5
262	5206	98102	5
265	268	98102	5
268	265	98102	5
321	5237	98102	5
352	5253	98102	5
355	5256	98102	5
356	251	98102	5
365	5146	98102	5
374	1480	98102	5
386	5272	98102	5
410	5283	98102	5
423	4612	98102	5
427	5298	98103	5
427	5299	98103	5
429	5306	98103	5
430	5318	98103	5
433	5323	98103	5
434	5332	98103	5
437	5340	98103	5
439	5349	98103	5
449	5375	98103	5
467	5420	98103	5
477	5434	98103	5
482	5442	98103	5
485	5446	98103	5
490	5450	98103	5
493	5454	98103	5
498	5459	98103	5
502	3	98103	5
503	5467	98103	5
516	5478	98103	5
529	3549	98103	5
530	5493	98103	5
546	5505	98103	5
556	5513	98103	5
574	5528	98103	5
581	5532	98103	5
590	1462	98103	5
595	5542	98103	5
602	2969	98103	5
610	697	98103	5
664	1226	98103	5
666	5588	98103	5
678	3817	98103	5
684	5598	98103	5
695	5605	98103	5
697	610	98103	5
713	5617	98103	5
716	5620	98103	5
719	5623	98103	5
727	5630	98103	5
731	5634	98103	5
746	5647	98103	5
789	5679	98104	5
790	5688	98104	5
792	4868	98104	5
795	4713	98104	5
798	5725	98104	5
811	5752	98104	5
811	874	98104	5
817	5762	98104	5
823	5773	98104	5
824	5774	98104	5
826	5777	98104	5
827	5780	98104	5
835	5786	98104	5
851	5800	98104	5
855	5802	98104	5
861	5807	98104	5
874	811	98104	5
905	4385	98105	5
905	5841	98105	5
905	5845	98105	5
907	5855	98105	5
912	49	98105	5
924	5897	98105	5
925	5899	98105	5
928	5906	98105	5
943	5927	98105	5
947	1026	98105	5
952	5939	98105	5
958	1109	98105	5
961	5949	98105	5
962	5952	98105	5
963	5953	98105	5
976	5965	98105	5
978	3376	98105	5
995	5959	98105	5
998	1086	98105	5
1000	5981	98105	5
1010	5989	98105	5
1022	5996	98105	5
1026	947	98105	5
1041	6007	98105	5
1043	6009	98105	5
1056	6021	98105	5
1061	6026	98105	5
1067	1095	98105	5
1072	1993	98105	5
1073	6033	98105	5
1075	6035	98105	5
1086	998	98105	5
1095	1067	98105	5
1100	6051	98105	5
1109	958	98105	5
1119	6062	98105	5
1152	4697	98105	5
1172	6094	98105	5
1186	6115	98106	5
1187	6120	98106	5
1190	5003	98106	5
1198	2141	98106	5
1199	6154	98106	5
1202	3798	98106	5
1204	6162	98106	5
1205	6163	98106	5
1210	6172	98106	5
1223	6192	98106	5
1226	664	98106	5
1227	6194	98106	5
1233	6203	98106	5
1237	6206	98106	5
1242	6208	98106	5
1272	6224	98106	5
1280	6230	98106	5
1293	2313	98106	5
1296	3964	98106	5
1312	6266	98107	5
1315	3162	98107	5
1318	6286	98107	5
1320	6293	98107	5
1321	6294	98107	5
1322	6296	98107	5
1333	6317	98107	5
1334	5764	98107	5
1347	6336	98107	5
1357	6349	98107	5
1375	6370	98107	5
1376	6371	98107	5
1378	6373	98107	5
1447	4740	98107	5
1462	590	98107	5
1472	2622	98107	5
1477	5581	98107	5
1480	374	98107	5
1488	6440	98107	5
1490	6442	98107	5
1509	6465	98109	5
1512	6477	98109	5
1523	6501	98109	5
1526	6508	98109	5
1527	6511	98109	5
1543	6537	98109	5
1552	6555	98109	5
1560	6565	98109	5
1568	2953	98109	5
1570	6577	98109	5
1580	1598	98109	5
1587	6596	98109	5
1598	1580	98109	5
1610	6626	98109	5
1637	3125	98109	5
1642	6645	98109	5
1654	6655	98109	5
1659	6658	98109	5
1670	4719	98109	5
1684	6675	98109	5
1691	6678	98109	5
1695	153	98109	5
1717	6693	98109	5
1732	6704	98109	5
1747	6715	98109	5
1752	6720	98109	5
1769	6734	98109	5
1776	6738	98109	5
1811	6760	98109	5
1813	1859	98112	5
1813	6763	98112	5
1814	4921	98112	5
1814	6769	98112	5
1815	4714	98112	5
1815	6773	98112	5
1817	200	98112	5
1819	6788	98112	5
1820	6789	98112	5
1821	6792	98112	5
1824	4704	98112	5
1826	6808	98112	5
1831	6821	98112	5
1838	6630	98112	5
1843	6842	98112	5
1847	6852	98112	5
1859	1813	98112	5
1863	5402	98112	5
1877	6885	98112	5
1899	4683	98112	5
1906	6899	98112	5
1909	6900	98112	5
1927	6911	98112	5
1941	6920	98112	5
1950	6928	98112	5
1971	6941	98115	5
1973	5319	98115	5
1986	7007	98115	5
1989	7014	98115	5
1993	1072	98115	5
2005	4904	98115	5
2041	7091	98115	5
2047	7100	98115	5
2050	7105	98115	5
2080	7139	98115	5
2096	2258	98115	5
2117	7165	98115	5
2127	7172	98115	5
2134	7178	98115	5
2141	1198	98115	5
2165	7199	98115	5
2207	7222	98115	5
2229	7237	98115	5
2258	2096	98115	5
2261	5833	98115	5
2302	7273	98115	5
2313	1293	98115	5
2317	7283	98115	5
2337	7307	98116	5
2338	6774	98116	5
2339	7309	98116	5
2341	7321	98116	5
2343	7326	98116	5
2350	7339	98116	5
2353	7343	98116	5
2354	7345	98116	5
2357	5030	98116	5
2359	7352	98116	5
2362	7359	98116	5
2390	7398	98116	5
2395	4316	98116	5
2402	7413	98116	5
2446	7433	98116	5
2450	7437	98116	5
2457	7440	98116	5
2458	7441	98116	5
2462	7445	98116	5
2522	7480	98116	5
2523	7481	98116	5
2541	4323	98116	5
2554	3801	98117	5
2555	4550	98117	5
2558	4705	98117	5
2561	7516	98117	5
2567	7540	98117	5
2579	5174	98117	5
2580	7563	98117	5
2581	2997	98117	5
2582	7566	98117	5
2583	7569	98117	5
2589	7579	98117	5
2622	1472	98117	5
2690	7659	98117	5
2762	5646	98117	5
2777	2880	98118	5
2778	6864	98118	5
2779	7721	98118	5
2781	7724	98118	5
2787	7739	98118	5
2789	7745	98118	5
2804	7763	98118	5
2806	7767	98118	5
2808	6150	98118	5
2859	7809	98118	5
2880	2777	98118	5
2884	7825	98118	5
2892	7829	98118	5
2899	7833	98118	5
2932	7875	98119	5
2935	7889	98119	5
2953	1568	98119	5
2954	7930	98119	5
2967	7948	98119	5
2969	602	98119	5
2976	7958	98119	5
2984	7964	98119	5
2991	7976	98119	5
2997	2581	98119	5
3053	8014	98119	5
3069	4114	98119	5
3085	6601	98119	5
3112	7907	98119	5
3114	8045	98119	5
3125	1637	98119	5
3135	8057	98119	5
3136	3140	98119	5
3140	3136	98119	5
3144	8069	98121	5
3146	8080	98121	5
3146	8081	98121	5
3147	8085	98121	5
3148	6775	98121	5
3149	8089	98121	5
3152	8093	98121	5
3154	8095	98121	5
3160	5876	98121	5
3162	1315	98121	5
3162	6279	98121	5
3173	8133	98121	5
3174	3	98121	5
3187	8120	98121	5
3188	8147	98121	5
3200	8164	98121	5
3214	8175	98121	5
3239	3974	98121	5
3255	8201	98121	5
3260	8201	98121	5
3262	8204	98121	5
3281	8214	98121	5
3312	4866	98121	5
3323	3442	98122	5
3327	5758	98122	5
3346	8285	98122	5
3358	3802	98122	5
3375	8326	98122	5
3376	978	98122	5
3388	5155	98122	5
3394	8348	98122	5
3396	8349	98122	5
3426	4973	98122	5
3442	3323	98122	5
3455	8377	98122	5
3460	8381	98122	5
3493	8399	98122	5
3545	8431	98122	5
3549	529	98122	5
3554	8443	98125	5
3561	8457	98125	5
3569	8474	98125	5
3592	8507	98125	5
3598	8514	98125	5
3599	8517	98125	5
3600	6327	98125	5
3612	5408	98125	5
3617	8534	98125	5
3625	8540	98125	5
3628	8542	98125	5
3650	8556	98125	5
3668	8566	98125	5
3710	8597	98125	5
3784	8641	98125	5
3798	1202	98126	5
3799	7496	98126	5
3801	2554	98126	5
3802	3358	98126	5
3805	5891	98126	5
3817	678	98126	5
3820	8693	98126	5
3822	3835	98126	5
3829	8707	98126	5
3835	3822	98126	5
3881	8739	98126	5
3885	8743	98126	5
3903	8061	98126	5
3911	88	98126	5
3937	8773	98133	5
3939	8442	98133	5
3941	5842	98133	5
3945	7089	98133	5
3948	7088	98133	5
3948	8811	98133	5
3964	1296	98133	5
3967	4167	98133	5
3974	3239	98133	5
3978	8865	98133	5
3989	8879	98133	5
3996	8888	98133	5
4005	4008	98133	5
4008	4005	98133	5
4027	8926	98133	5
4053	105	98133	5
4087	8964	98133	5
4109	8979	98133	5
4114	3069	98133	5
4120	8987	98133	5
4126	8991	98133	5
4133	8996	98133	5
4140	9001	98133	5
4167	3967	98133	5
4173	9023	98133	5
4206	9046	98133	5
4223	9056	98133	5
4266	9094	98136	5
4282	9128	98136	5
4285	7065	98136	5
4286	9133	98136	5
4286	5378	98136	5
4312	9150	98136	5
4316	2395	98136	5
4323	2541	98136	5
4385	905	98144	5
4385	9194	98144	5
4387	4395	98144	5
4389	9203	98144	5
4389	9204	98144	5
4395	4387	98144	5
4411	6540	98144	5
4412	9246	98144	5
4422	9257	98144	5
4424	9261	98144	5
4425	9263	98144	5
4437	9273	98144	5
4531	9347	98177	5
4532	4546	98177	5
4533	8891	98177	5
4535	4611	98177	5
4535	9360	98177	5
4539	9372	98177	5
4543	9352	98177	5
4546	4532	98177	5
4550	2555	98177	5
4555	9397	98177	5
4577	9423	98177	5
4611	4535	98177	5
4612	423	98177	5
4626	9455	98177	5
4647	9468	98177	5
4660	4800	98177	5
4683	1899	98177	5
4697	1152	98195	5
4701	6991	98199	5
4702	8862	98199	5
4704	1824	98199	5
4705	7510	98199	5
4705	2558	98199	5
4707	9512	98199	5
4713	795	98199	5
4714	9530	98199	5
4714	1815	98199	5
4715	21	98199	5
4718	9536	98199	5
4719	1670	98199	5
4719	4750	98199	5
4722	4826	98199	5
4740	1447	98199	5
4750	4719	98199	5
4770	9580	98199	5
4787	9589	98199	5
4788	9590	98199	5
4800	4660	98199	5
4826	4722	98199	5
4854	9620	98199	5
4865	9628	98199	5
4866	3312	98199	5